x,y
548,383
549,383
550,383
543,384
544,384
545,384
546,384
547,384
548,384
549,384
550,384
538,385
539,385
540,385
541,385
542,385
543,385
544,385
545,385
546,385
547,385
548,385
549,385
550,385
551,385
533,386
534,386
535,386
536,386
537,386
538,386
539,386
540,386
541,386
542,386
543,386
544,386
545,386
546,386
547,386
548,386
549,386
550,386
551,386
529,387
530,387
531,387
532,387
533,387
534,387
535,387
536,387
537,387
538,387
539,387
540,387
541,387
542,387
543,387
544,387
545,387
546,387
547,387
548,387
549,387
550,387
551,387
524,388
525,388
526,388
527,388
528,388
529,388
530,388
531,388
532,388
533,388
534,388
535,388
536,388
537,388
538,388
539,388
540,388
541,388
542,388
543,388
544,388
545,388
546,388
547,388
548,388
549,388
550,388
551,388
552,388
519,389
520,389
521,389
522,389
523,389
524,389
525,389
526,389
527,389
528,389
529,389
530,389
531,389
532,389
533,389
534,389
535,389
536,389
537,389
538,389
539,389
540,389
541,389
542,389
543,389
544,389
545,389
546,389
547,389
548,389
549,389
550,389
551,389
552,389
553,389
501,390
502,390
514,390
515,390
516,390
517,390
518,390
519,390
520,390
521,390
522,390
523,390
524,390
525,390
526,390
527,390
528,390
529,390
530,390
531,390
532,390
533,390
534,390
535,390
536,390
537,390
538,390
539,390
540,390
541,390
542,390
543,390
544,390
545,390
546,390
547,390
548,390
549,390
550,390
551,390
552,390
553,390
554,390
555,390
556,390
557,390
586,390
497,391
498,391
499,391
500,391
501,391
502,391
509,391
510,391
511,391
512,391
513,391
514,391
515,391
516,391
517,391
518,391
519,391
520,391
521,391
522,391
523,391
524,391
525,391
526,391
527,391
528,391
529,391
530,391
531,391
532,391
533,391
534,391
535,391
536,391
537,391
538,391
539,391
540,391
541,391
542,391
543,391
544,391
545,391
546,391
547,391
548,391
549,391
550,391
551,391
552,391
553,391
554,391
555,391
556,391
557,391
558,391
559,391
560,391
586,391
587,391
588,391
493,392
494,392
495,392
496,392
497,392
498,392
499,392
500,392
501,392
502,392
505,392
506,392
507,392
508,392
509,392
510,392
511,392
512,392
513,392
514,392
515,392
516,392
517,392
518,392
519,392
520,392
521,392
522,392
523,392
524,392
525,392
526,392
527,392
528,392
529,392
530,392
531,392
532,392
533,392
534,392
535,392
536,392
537,392
538,392
539,392
540,392
541,392
542,392
543,392
544,392
545,392
546,392
547,392
548,392
549,392
550,392
551,392
552,392
553,392
554,392
555,392
556,392
557,392
558,392
559,392
560,392
561,392
562,392
563,392
564,392
585,392
586,392
587,392
588,392
589,392
590,392
489,393
490,393
491,393
492,393
493,393
494,393
495,393
496,393
497,393
498,393
499,393
500,393
501,393
502,393
503,393
504,393
505,393
506,393
507,393
508,393
509,393
510,393
511,393
512,393
513,393
514,393
515,393
516,393
517,393
518,393
519,393
520,393
521,393
522,393
523,393
524,393
525,393
526,393
527,393
528,393
529,393
530,393
531,393
532,393
533,393
534,393
535,393
536,393
537,393
538,393
539,393
540,393
541,393
542,393
543,393
544,393
545,393
546,393
547,393
548,393
549,393
550,393
551,393
552,393
553,393
554,393
555,393
556,393
557,393
558,393
559,393
560,393
561,393
562,393
563,393
564,393
565,393
566,393
567,393
568,393
585,393
586,393
587,393
588,393
589,393
590,393
591,393
592,393
487,394
488,394
489,394
490,394
491,394
492,394
493,394
494,394
495,394
496,394
497,394
498,394
499,394
500,394
501,394
503,394
504,394
505,394
506,394
507,394
508,394
509,394
510,394
511,394
512,394
513,394
514,394
515,394
516,394
517,394
518,394
519,394
520,394
521,394
522,394
523,394
524,394
525,394
526,394
527,394
528,394
529,394
530,394
531,394
532,394
533,394
534,394
535,394
536,394
537,394
538,394
539,394
540,394
541,394
542,394
543,394
544,394
545,394
546,394
547,394
548,394
549,394
550,394
551,394
552,394
553,394
554,394
555,394
556,394
557,394
558,394
559,394
560,394
561,394
562,394
563,394
564,394
565,394
566,394
567,394
568,394
569,394
570,394
571,394
585,394
586,394
587,394
588,394
589,394
590,394
591,394
592,394
593,394
594,394
488,395
489,395
490,395
491,395
492,395
493,395
494,395
495,395
496,395
497,395
498,395
499,395
503,395
504,395
505,395
506,395
507,395
508,395
509,395
510,395
511,395
512,395
513,395
514,395
515,395
516,395
517,395
518,395
519,395
520,395
521,395
522,395
523,395
524,395
525,395
526,395
527,395
528,395
529,395
530,395
531,395
532,395
533,395
534,395
535,395
536,395
537,395
538,395
539,395
540,395
541,395
542,395
543,395
544,395
545,395
546,395
547,395
548,395
549,395
550,395
551,395
552,395
553,395
554,395
555,395
556,395
557,395
558,395
559,395
560,395
561,395
562,395
563,395
564,395
565,395
566,395
567,395
568,395
569,395
570,395
571,395
572,395
573,395
574,395
575,395
585,395
586,395
587,395
588,395
589,395
590,395
591,395
592,395
593,395
594,395
595,395
488,396
489,396
490,396
491,396
492,396
493,396
494,396
495,396
496,396
503,396
504,396
505,396
506,396
507,396
508,396
509,396
510,396
511,396
512,396
513,396
514,396
515,396
516,396
517,396
518,396
519,396
520,396
521,396
522,396
523,396
524,396
525,396
526,396
527,396
528,396
529,396
530,396
531,396
532,396
533,396
534,396
535,396
536,396
537,396
538,396
539,396
540,396
541,396
542,396
543,396
544,396
545,396
546,396
547,396
548,396
549,396
550,396
551,396
552,396
553,396
554,396
555,396
556,396
557,396
558,396
559,396
560,396
561,396
562,396
563,396
564,396
565,396
566,396
567,396
568,396
569,396
570,396
571,396
572,396
573,396
574,396
575,396
576,396
577,396
578,396
584,396
585,396
586,396
587,396
588,396
589,396
590,396
591,396
592,396
593,396
594,396
595,396
596,396
597,396
489,397
490,397
491,397
492,397
493,397
501,397
502,397
503,397
504,397
505,397
506,397
507,397
508,397
509,397
510,397
511,397
512,397
513,397
514,397
515,397
516,397
517,397
518,397
519,397
520,397
521,397
522,397
523,397
524,397
525,397
526,397
527,397
528,397
529,397
530,397
531,397
532,397
533,397
534,397
535,397
536,397
537,397
538,397
539,397
540,397
541,397
542,397
543,397
544,397
545,397
546,397
547,397
548,397
549,397
550,397
551,397
552,397
553,397
554,397
555,397
556,397
557,397
558,397
559,397
560,397
561,397
562,397
563,397
564,397
565,397
566,397
567,397
568,397
569,397
570,397
571,397
572,397
573,397
574,397
575,397
576,397
577,397
578,397
579,397
580,397
581,397
582,397
584,397
585,397
586,397
587,397
588,397
589,397
590,397
591,397
592,397
593,397
594,397
595,397
596,397
597,397
598,397
599,397
488,398
489,398
490,398
499,398
500,398
501,398
502,398
503,398
504,398
505,398
506,398
507,398
508,398
509,398
510,398
511,398
512,398
513,398
514,398
515,398
516,398
517,398
518,398
519,398
520,398
521,398
522,398
523,398
524,398
525,398
526,398
527,398
528,398
529,398
530,398
531,398
532,398
533,398
534,398
535,398
536,398
537,398
538,398
539,398
540,398
541,398
542,398
543,398
544,398
545,398
546,398
547,398
548,398
549,398
550,398
551,398
552,398
553,398
554,398
555,398
556,398
557,398
558,398
559,398
560,398
561,398
562,398
563,398
564,398
565,398
566,398
567,398
568,398
569,398
570,398
571,398
572,398
573,398
574,398
575,398
576,398
577,398
578,398
579,398
580,398
581,398
582,398
583,398
584,398
585,398
586,398
587,398
588,398
589,398
590,398
591,398
592,398
593,398
594,398
595,398
596,398
597,398
598,398
599,398
600,398
601,398
486,399
487,399
488,399
489,399
490,399
491,399
497,399
498,399
499,399
500,399
501,399
502,399
503,399
504,399
505,399
506,399
507,399
508,399
509,399
510,399
511,399
512,399
513,399
514,399
515,399
516,399
517,399
518,399
519,399
520,399
521,399
522,399
523,399
524,399
525,399
526,399
527,399
528,399
529,399
530,399
531,399
532,399
533,399
534,399
535,399
536,399
537,399
538,399
539,399
540,399
541,399
542,399
543,399
544,399
545,399
546,399
547,399
548,399
549,399
550,399
551,399
552,399
553,399
554,399
555,399
556,399
557,399
558,399
559,399
560,399
561,399
562,399
563,399
564,399
565,399
566,399
567,399
568,399
569,399
570,399
571,399
572,399
573,399
574,399
575,399
576,399
577,399
578,399
579,399
580,399
581,399
582,399
583,399
584,399
585,399
586,399
587,399
588,399
589,399
590,399
591,399
592,399
593,399
594,399
595,399
596,399
597,399
598,399
599,399
600,399
601,399
602,399
483,400
484,400
485,400
486,400
487,400
488,400
489,400
490,400
491,400
495,400
496,400
497,400
498,400
499,400
500,400
501,400
502,400
503,400
504,400
505,400
506,400
507,400
508,400
509,400
510,400
511,400
512,400
513,400
514,400
515,400
516,400
517,400
518,400
519,400
520,400
521,400
522,400
523,400
524,400
525,400
526,400
527,400
528,400
529,400
530,400
531,400
532,400
533,400
534,400
535,400
536,400
537,400
538,400
539,400
540,400
541,400
542,400
543,400
544,400
545,400
546,400
547,400
548,400
549,400
550,400
551,400
552,400
553,400
554,400
555,400
556,400
557,400
558,400
559,400
560,400
561,400
562,400
563,400
564,400
565,400
566,400
567,400
568,400
569,400
570,400
571,400
572,400
573,400
574,400
575,400
576,400
577,400
578,400
579,400
580,400
581,400
582,400
583,400
584,400
585,400
586,400
587,400
588,400
589,400
590,400
591,400
592,400
593,400
594,400
595,400
596,400
597,400
598,400
599,400
600,400
601,400
602,400
480,401
481,401
482,401
483,401
484,401
485,401
486,401
487,401
488,401
489,401
490,401
491,401
492,401
493,401
494,401
495,401
496,401
497,401
498,401
499,401
500,401
501,401
502,401
503,401
504,401
505,401
506,401
507,401
508,401
509,401
510,401
511,401
512,401
513,401
514,401
515,401
516,401
517,401
518,401
519,401
520,401
521,401
522,401
523,401
524,401
525,401
526,401
527,401
528,401
529,401
530,401
531,401
532,401
533,401
534,401
535,401
536,401
537,401
538,401
539,401
540,401
541,401
542,401
543,401
544,401
545,401
546,401
547,401
548,401
549,401
550,401
551,401
552,401
553,401
554,401
555,401
556,401
557,401
558,401
559,401
560,401
561,401
562,401
563,401
564,401
565,401
566,401
567,401
568,401
569,401
570,401
571,401
572,401
573,401
574,401
575,401
576,401
577,401
578,401
579,401
580,401
581,401
582,401
583,401
584,401
585,401
586,401
587,401
588,401
589,401
590,401
591,401
592,401
593,401
594,401
595,401
596,401
597,401
598,401
599,401
600,401
601,401
602,401
477,402
478,402
479,402
480,402
481,402
482,402
483,402
484,402
485,402
486,402
487,402
488,402
489,402
490,402
491,402
492,402
493,402
494,402
495,402
496,402
497,402
498,402
499,402
500,402
501,402
502,402
503,402
504,402
505,402
506,402
507,402
508,402
509,402
510,402
511,402
512,402
513,402
514,402
515,402
516,402
517,402
518,402
519,402
520,402
521,402
522,402
523,402
524,402
525,402
526,402
527,402
528,402
529,402
530,402
531,402
532,402
533,402
534,402
535,402
536,402
537,402
538,402
539,402
540,402
541,402
542,402
543,402
544,402
545,402
546,402
547,402
548,402
549,402
550,402
551,402
552,402
553,402
554,402
555,402
556,402
557,402
558,402
559,402
560,402
561,402
562,402
563,402
564,402
565,402
566,402
567,402
568,402
569,402
570,402
571,402
572,402
573,402
574,402
575,402
576,402
577,402
578,402
579,402
580,402
581,402
582,402
583,402
584,402
585,402
586,402
587,402
588,402
589,402
590,402
591,402
592,402
593,402
594,402
595,402
596,402
597,402
598,402
599,402
600,402
601,402
602,402
475,403
476,403
477,403
478,403
479,403
480,403
481,403
482,403
483,403
484,403
485,403
486,403
487,403
488,403
489,403
490,403
491,403
492,403
493,403
494,403
495,403
496,403
497,403
498,403
499,403
500,403
501,403
502,403
503,403
504,403
505,403
506,403
507,403
508,403
509,403
510,403
511,403
512,403
513,403
514,403
515,403
516,403
517,403
518,403
519,403
520,403
521,403
522,403
523,403
524,403
525,403
526,403
527,403
528,403
529,403
530,403
531,403
532,403
533,403
534,403
535,403
536,403
537,403
538,403
539,403
540,403
541,403
542,403
543,403
544,403
545,403
546,403
547,403
548,403
549,403
550,403
551,403
552,403
553,403
554,403
555,403
556,403
557,403
558,403
559,403
560,403
561,403
562,403
563,403
564,403
565,403
566,403
567,403
568,403
569,403
570,403
571,403
572,403
573,403
574,403
575,403
576,403
577,403
578,403
579,403
580,403
581,403
582,403
583,403
584,403
585,403
586,403
587,403
588,403
589,403
590,403
591,403
592,403
593,403
594,403
595,403
596,403
597,403
598,403
599,403
600,403
601,403
602,403
472,404
473,404
474,404
475,404
476,404
477,404
478,404
479,404
480,404
481,404
482,404
483,404
484,404
485,404
486,404
487,404
488,404
489,404
490,404
491,404
492,404
493,404
494,404
495,404
496,404
497,404
498,404
499,404
500,404
501,404
502,404
503,404
504,404
505,404
506,404
507,404
508,404
509,404
510,404
511,404
512,404
513,404
514,404
515,404
516,404
517,404
518,404
519,404
520,404
521,404
522,404
523,404
524,404
525,404
526,404
527,404
528,404
529,404
530,404
531,404
532,404
533,404
534,404
535,404
536,404
537,404
538,404
539,404
540,404
541,404
542,404
543,404
544,404
545,404
546,404
547,404
548,404
549,404
550,404
551,404
552,404
553,404
554,404
555,404
556,404
557,404
558,404
559,404
560,404
561,404
562,404
563,404
564,404
565,404
566,404
567,404
568,404
569,404
570,404
571,404
572,404
573,404
574,404
575,404
576,404
577,404
578,404
579,404
580,404
581,404
582,404
583,404
584,404
585,404
586,404
587,404
588,404
589,404
590,404
591,404
592,404
593,404
594,404
595,404
596,404
597,404
598,404
599,404
600,404
601,404
602,404
469,405
470,405
471,405
472,405
473,405
474,405
475,405
476,405
477,405
478,405
479,405
480,405
481,405
482,405
483,405
486,405
487,405
488,405
489,405
490,405
491,405
492,405
493,405
494,405
495,405
496,405
497,405
498,405
499,405
500,405
501,405
502,405
503,405
504,405
505,405
506,405
507,405
508,405
509,405
510,405
511,405
512,405
513,405
514,405
515,405
516,405
517,405
518,405
519,405
520,405
521,405
522,405
523,405
524,405
525,405
526,405
527,405
528,405
529,405
530,405
531,405
532,405
533,405
534,405
535,405
536,405
537,405
538,405
539,405
540,405
541,405
542,405
543,405
544,405
545,405
546,405
547,405
548,405
549,405
550,405
551,405
552,405
553,405
554,405
555,405
556,405
557,405
558,405
559,405
560,405
561,405
562,405
563,405
564,405
565,405
566,405
567,405
568,405
569,405
570,405
571,405
572,405
573,405
574,405
575,405
576,405
577,405
578,405
579,405
580,405
581,405
582,405
583,405
584,405
585,405
586,405
587,405
588,405
589,405
590,405
591,405
592,405
593,405
594,405
595,405
596,405
597,405
598,405
599,405
600,405
601,405
602,405
466,406
467,406
468,406
469,406
470,406
471,406
472,406
473,406
474,406
475,406
476,406
477,406
478,406
479,406
480,406
484,406
485,406
486,406
487,406
488,406
489,406
490,406
491,406
492,406
493,406
494,406
495,406
496,406
497,406
498,406
499,406
500,406
501,406
502,406
503,406
504,406
505,406
506,406
507,406
508,406
509,406
510,406
511,406
512,406
513,406
514,406
515,406
516,406
517,406
518,406
519,406
520,406
521,406
522,406
523,406
524,406
525,406
526,406
527,406
528,406
529,406
530,406
531,406
532,406
533,406
534,406
535,406
536,406
537,406
538,406
539,406
540,406
541,406
542,406
543,406
544,406
545,406
546,406
547,406
548,406
549,406
550,406
551,406
552,406
553,406
554,406
555,406
556,406
557,406
558,406
559,406
560,406
561,406
562,406
563,406
564,406
565,406
566,406
567,406
568,406
569,406
570,406
571,406
572,406
573,406
574,406
575,406
576,406
577,406
578,406
579,406
580,406
581,406
582,406
583,406
584,406
585,406
586,406
587,406
588,406
589,406
590,406
591,406
592,406
593,406
594,406
595,406
596,406
597,406
598,406
599,406
600,406
601,406
602,406
463,407
464,407
465,407
466,407
467,407
468,407
469,407
470,407
471,407
472,407
473,407
474,407
475,407
476,407
482,407
483,407
484,407
485,407
486,407
487,407
488,407
489,407
490,407
491,407
492,407
493,407
494,407
495,407
496,407
497,407
498,407
499,407
500,407
501,407
502,407
503,407
504,407
505,407
506,407
507,407
508,407
509,407
510,407
511,407
512,407
513,407
514,407
515,407
516,407
517,407
518,407
519,407
520,407
521,407
522,407
523,407
524,407
525,407
526,407
527,407
528,407
529,407
530,407
531,407
532,407
533,407
534,407
535,407
536,407
537,407
538,407
539,407
540,407
541,407
542,407
543,407
544,407
545,407
546,407
547,407
548,407
549,407
550,407
551,407
552,407
553,407
554,407
555,407
556,407
557,407
558,407
559,407
560,407
561,407
562,407
563,407
564,407
565,407
566,407
567,407
568,407
569,407
570,407
571,407
572,407
573,407
574,407
575,407
576,407
577,407
578,407
579,407
580,407
581,407
582,407
583,407
584,407
585,407
586,407
587,407
588,407
589,407
590,407
591,407
592,407
593,407
594,407
595,407
596,407
597,407
598,407
599,407
600,407
601,407
602,407
461,408
462,408
463,408
464,408
465,408
466,408
467,408
468,408
469,408
470,408
471,408
472,408
480,408
481,408
482,408
483,408
484,408
485,408
486,408
487,408
488,408
489,408
490,408
491,408
492,408
493,408
494,408
495,408
496,408
497,408
498,408
499,408
500,408
501,408
502,408
503,408
504,408
505,408
506,408
507,408
508,408
509,408
510,408
511,408
512,408
513,408
514,408
515,408
516,408
517,408
518,408
519,408
520,408
521,408
522,408
523,408
524,408
525,408
526,408
527,408
528,408
529,408
530,408
531,408
532,408
533,408
534,408
535,408
536,408
537,408
538,408
539,408
540,408
541,408
542,408
543,408
544,408
545,408
546,408
547,408
548,408
549,408
550,408
551,408
552,408
553,408
554,408
555,408
556,408
557,408
558,408
559,408
560,408
561,408
562,408
563,408
564,408
565,408
566,408
567,408
568,408
569,408
570,408
571,408
572,408
573,408
574,408
575,408
576,408
577,408
578,408
579,408
580,408
581,408
582,408
583,408
584,408
585,408
586,408
587,408
588,408
589,408
590,408
591,408
592,408
593,408
594,408
595,408
596,408
597,408
598,408
599,408
600,408
601,408
602,408
458,409
459,409
460,409
461,409
462,409
463,409
464,409
465,409
466,409
467,409
468,409
469,409
478,409
479,409
480,409
481,409
482,409
483,409
484,409
485,409
486,409
487,409
488,409
489,409
490,409
491,409
492,409
493,409
494,409
495,409
496,409
497,409
498,409
499,409
500,409
501,409
502,409
503,409
504,409
505,409
506,409
507,409
508,409
509,409
510,409
511,409
512,409
513,409
514,409
515,409
516,409
517,409
518,409
519,409
520,409
521,409
522,409
523,409
524,409
525,409
526,409
527,409
528,409
529,409
530,409
531,409
532,409
533,409
534,409
535,409
536,409
537,409
538,409
539,409
540,409
541,409
542,409
543,409
544,409
545,409
546,409
547,409
548,409
549,409
550,409
551,409
552,409
553,409
554,409
555,409
556,409
557,409
558,409
559,409
560,409
561,409
562,409
563,409
564,409
565,409
566,409
567,409
568,409
569,409
570,409
571,409
572,409
573,409
574,409
575,409
576,409
577,409
578,409
579,409
580,409
581,409
582,409
583,409
584,409
585,409
586,409
587,409
588,409
589,409
590,409
591,409
592,409
593,409
594,409
595,409
596,409
597,409
598,409
599,409
600,409
601,409
602,409
455,410
456,410
457,410
458,410
459,410
460,410
461,410
462,410
463,410
464,410
465,410
477,410
478,410
479,410
480,410
481,410
482,410
483,410
484,410
485,410
486,410
487,410
488,410
489,410
490,410
491,410
492,410
493,410
494,410
495,410
496,410
497,410
498,410
499,410
500,410
501,410
502,410
503,410
504,410
505,410
506,410
507,410
508,410
509,410
510,410
511,410
512,410
513,410
514,410
515,410
516,410
517,410
518,410
519,410
520,410
521,410
522,410
523,410
524,410
525,410
526,410
527,410
528,410
529,410
530,410
531,410
532,410
533,410
534,410
535,410
536,410
537,410
538,410
539,410
540,410
541,410
542,410
543,410
544,410
545,410
546,410
547,410
548,410
549,410
550,410
551,410
552,410
553,410
554,410
555,410
556,410
557,410
558,410
559,410
560,410
561,410
562,410
563,410
564,410
565,410
566,410
567,410
568,410
569,410
570,410
571,410
572,410
573,410
574,410
575,410
576,410
577,410
578,410
579,410
580,410
581,410
582,410
583,410
584,410
585,410
586,410
587,410
588,410
589,410
590,410
591,410
592,410
593,410
594,410
595,410
596,410
597,410
598,410
599,410
600,410
601,410
602,410
452,411
453,411
454,411
455,411
456,411
457,411
458,411
459,411
460,411
461,411
462,411
475,411
476,411
477,411
478,411
479,411
480,411
481,411
482,411
483,411
484,411
485,411
486,411
487,411
488,411
489,411
490,411
491,411
492,411
493,411
494,411
495,411
496,411
497,411
498,411
499,411
500,411
501,411
502,411
503,411
504,411
505,411
506,411
507,411
508,411
509,411
510,411
511,411
512,411
513,411
514,411
515,411
516,411
517,411
518,411
519,411
520,411
521,411
522,411
523,411
524,411
525,411
526,411
527,411
528,411
529,411
530,411
531,411
532,411
533,411
534,411
535,411
536,411
537,411
538,411
539,411
540,411
541,411
542,411
543,411
544,411
545,411
546,411
547,411
548,411
549,411
550,411
551,411
552,411
553,411
554,411
555,411
556,411
557,411
558,411
559,411
560,411
561,411
562,411
563,411
564,411
565,411
566,411
567,411
568,411
569,411
570,411
571,411
572,411
573,411
574,411
575,411
576,411
577,411
578,411
579,411
580,411
581,411
582,411
583,411
584,411
585,411
586,411
587,411
588,411
589,411
590,411
591,411
592,411
593,411
594,411
595,411
596,411
597,411
598,411
599,411
600,411
601,411
602,411
450,412
451,412
452,412
453,412
454,412
455,412
456,412
457,412
458,412
473,412
474,412
475,412
476,412
477,412
478,412
479,412
480,412
481,412
482,412
483,412
484,412
485,412
486,412
487,412
488,412
489,412
490,412
491,412
492,412
493,412
494,412
495,412
496,412
497,412
498,412
499,412
500,412
501,412
502,412
503,412
504,412
505,412
506,412
507,412
508,412
509,412
510,412
511,412
512,412
513,412
514,412
515,412
516,412
517,412
518,412
519,412
520,412
521,412
522,412
523,412
524,412
525,412
526,412
527,412
528,412
529,412
530,412
531,412
532,412
533,412
534,412
535,412
536,412
537,412
538,412
539,412
540,412
541,412
542,412
543,412
544,412
545,412
546,412
547,412
548,412
549,412
550,412
551,412
552,412
553,412
554,412
555,412
556,412
557,412
558,412
559,412
560,412
561,412
562,412
563,412
564,412
565,412
566,412
567,412
568,412
569,412
570,412
571,412
572,412
573,412
574,412
575,412
576,412
577,412
578,412
579,412
580,412
581,412
582,412
583,412
584,412
585,412
586,412
587,412
588,412
589,412
590,412
591,412
592,412
593,412
594,412
595,412
596,412
597,412
598,412
599,412
600,412
601,412
602,412
447,413
448,413
449,413
450,413
451,413
452,413
453,413
454,413
471,413
472,413
473,413
474,413
475,413
476,413
477,413
478,413
479,413
480,413
481,413
482,413
483,413
484,413
485,413
486,413
487,413
488,413
489,413
490,413
491,413
492,413
493,413
494,413
495,413
496,413
497,413
498,413
499,413
500,413
501,413
502,413
503,413
504,413
505,413
506,413
507,413
508,413
509,413
510,413
511,413
512,413
513,413
514,413
515,413
516,413
517,413
518,413
519,413
520,413
521,413
522,413
523,413
524,413
525,413
526,413
527,413
528,413
529,413
530,413
531,413
532,413
533,413
534,413
535,413
536,413
537,413
538,413
539,413
540,413
541,413
542,413
543,413
544,413
545,413
546,413
547,413
548,413
549,413
550,413
551,413
552,413
553,413
554,413
555,413
556,413
557,413
558,413
559,413
560,413
561,413
562,413
563,413
564,413
565,413
566,413
567,413
568,413
569,413
570,413
571,413
572,413
573,413
574,413
575,413
576,413
577,413
578,413
579,413
580,413
581,413
582,413
583,413
584,413
585,413
586,413
587,413
588,413
589,413
590,413
591,413
592,413
593,413
594,413
595,413
596,413
597,413
598,413
599,413
600,413
601,413
602,413
603,413
604,413
444,414
445,414
446,414
447,414
448,414
449,414
450,414
451,414
469,414
470,414
471,414
472,414
473,414
474,414
475,414
476,414
477,414
478,414
479,414
480,414
481,414
482,414
483,414
484,414
485,414
486,414
487,414
488,414
489,414
490,414
491,414
492,414
493,414
494,414
495,414
496,414
497,414
498,414
499,414
500,414
501,414
502,414
503,414
504,414
505,414
506,414
507,414
508,414
509,414
510,414
511,414
512,414
513,414
514,414
515,414
516,414
517,414
518,414
519,414
520,414
521,414
522,414
523,414
524,414
525,414
526,414
527,414
528,414
529,414
530,414
531,414
532,414
533,414
534,414
535,414
536,414
537,414
538,414
539,414
540,414
541,414
542,414
543,414
544,414
545,414
546,414
547,414
548,414
549,414
550,414
551,414
552,414
553,414
554,414
555,414
556,414
557,414
558,414
559,414
560,414
561,414
562,414
563,414
564,414
565,414
566,414
567,414
568,414
569,414
570,414
571,414
572,414
573,414
574,414
575,414
576,414
577,414
578,414
579,414
580,414
581,414
582,414
583,414
584,414
585,414
586,414
587,414
588,414
589,414
590,414
591,414
592,414
593,414
594,414
595,414
596,414
597,414
598,414
599,414
600,414
601,414
602,414
603,414
604,414
605,414
606,414
607,414
608,414
441,415
442,415
443,415
444,415
445,415
446,415
447,415
467,415
468,415
469,415
470,415
471,415
472,415
473,415
474,415
475,415
476,415
477,415
478,415
479,415
480,415
481,415
482,415
483,415
484,415
485,415
486,415
487,415
488,415
489,415
490,415
491,415
492,415
493,415
494,415
495,415
496,415
497,415
498,415
499,415
500,415
501,415
502,415
503,415
504,415
505,415
506,415
507,415
508,415
509,415
510,415
511,415
512,415
513,415
514,415
515,415
516,415
517,415
518,415
519,415
520,415
521,415
522,415
523,415
524,415
525,415
526,415
527,415
528,415
529,415
530,415
531,415
532,415
533,415
534,415
535,415
536,415
537,415
538,415
539,415
540,415
541,415
542,415
543,415
544,415
545,415
546,415
547,415
548,415
549,415
550,415
551,415
552,415
553,415
554,415
555,415
556,415
557,415
558,415
559,415
560,415
561,415
562,415
563,415
564,415
565,415
566,415
567,415
568,415
569,415
570,415
571,415
572,415
573,415
574,415
575,415
576,415
577,415
578,415
579,415
580,415
581,415
582,415
583,415
584,415
585,415
586,415
587,415
588,415
589,415
590,415
591,415
592,415
593,415
594,415
595,415
596,415
597,415
598,415
599,415
600,415
601,415
602,415
603,415
604,415
605,415
606,415
607,415
608,415
609,415
610,415
611,415
612,415
438,416
439,416
440,416
441,416
442,416
443,416
466,416
467,416
468,416
469,416
470,416
471,416
472,416
473,416
474,416
475,416
476,416
477,416
478,416
479,416
480,416
481,416
482,416
483,416
484,416
485,416
486,416
487,416
488,416
489,416
490,416
491,416
492,416
493,416
494,416
495,416
496,416
497,416
498,416
499,416
500,416
501,416
502,416
503,416
504,416
505,416
506,416
507,416
508,416
509,416
510,416
511,416
512,416
513,416
514,416
515,416
516,416
517,416
518,416
519,416
520,416
521,416
522,416
523,416
524,416
525,416
526,416
527,416
528,416
529,416
530,416
531,416
532,416
533,416
534,416
535,416
536,416
537,416
538,416
539,416
540,416
541,416
542,416
543,416
544,416
545,416
546,416
547,416
548,416
549,416
550,416
551,416
552,416
553,416
554,416
555,416
556,416
557,416
558,416
559,416
560,416
561,416
562,416
563,416
564,416
565,416
566,416
567,416
568,416
569,416
570,416
571,416
572,416
573,416
574,416
575,416
576,416
577,416
578,416
579,416
580,416
581,416
582,416
583,416
584,416
585,416
586,416
587,416
588,416
589,416
590,416
591,416
592,416
593,416
594,416
595,416
596,416
597,416
598,416
599,416
600,416
601,416
602,416
603,416
604,416
605,416
606,416
607,416
608,416
609,416
610,416
611,416
612,416
613,416
614,416
615,416
616,416
436,417
437,417
438,417
439,417
440,417
464,417
465,417
466,417
467,417
468,417
469,417
470,417
471,417
472,417
473,417
474,417
475,417
476,417
477,417
478,417
479,417
480,417
481,417
482,417
483,417
484,417
485,417
486,417
487,417
488,417
489,417
490,417
491,417
492,417
493,417
494,417
495,417
496,417
497,417
498,417
499,417
500,417
501,417
502,417
503,417
504,417
505,417
506,417
507,417
508,417
509,417
510,417
511,417
512,417
513,417
514,417
515,417
516,417
517,417
518,417
519,417
520,417
521,417
522,417
523,417
524,417
525,417
526,417
527,417
528,417
529,417
530,417
531,417
532,417
533,417
534,417
535,417
536,417
537,417
538,417
539,417
540,417
541,417
542,417
543,417
544,417
545,417
546,417
547,417
548,417
549,417
550,417
551,417
552,417
553,417
554,417
555,417
556,417
557,417
558,417
559,417
560,417
561,417
562,417
563,417
564,417
565,417
566,417
567,417
568,417
569,417
570,417
571,417
572,417
573,417
574,417
575,417
576,417
577,417
578,417
579,417
580,417
581,417
582,417
583,417
584,417
585,417
586,417
587,417
588,417
589,417
590,417
591,417
592,417
593,417
594,417
595,417
596,417
597,417
598,417
599,417
600,417
601,417
602,417
603,417
604,417
605,417
606,417
607,417
608,417
609,417
610,417
611,417
612,417
613,417
614,417
615,417
616,417
617,417
618,417
619,417
620,417
433,418
434,418
435,418
436,418
462,418
463,418
464,418
465,418
466,418
467,418
468,418
469,418
470,418
471,418
472,418
473,418
474,418
475,418
476,418
477,418
478,418
479,418
480,418
481,418
482,418
483,418
484,418
485,418
486,418
487,418
488,418
489,418
490,418
491,418
492,418
493,418
494,418
495,418
496,418
497,418
498,418
499,418
500,418
501,418
502,418
503,418
504,418
505,418
506,418
507,418
508,418
509,418
510,418
511,418
512,418
513,418
514,418
515,418
516,418
517,418
518,418
519,418
520,418
521,418
522,418
523,418
524,418
525,418
526,418
527,418
528,418
529,418
530,418
531,418
532,418
533,418
534,418
535,418
536,418
537,418
538,418
539,418
540,418
541,418
542,418
543,418
544,418
545,418
546,418
547,418
548,418
549,418
550,418
551,418
552,418
553,418
554,418
555,418
556,418
557,418
558,418
559,418
560,418
561,418
562,418
563,418
564,418
565,418
566,418
567,418
568,418
569,418
570,418
571,418
572,418
573,418
574,418
575,418
576,418
577,418
578,418
579,418
580,418
581,418
582,418
583,418
584,418
585,418
586,418
587,418
588,418
589,418
590,418
591,418
592,418
593,418
594,418
595,418
596,418
597,418
598,418
599,418
600,418
601,418
602,418
603,418
604,418
605,418
606,418
607,418
608,418
609,418
610,418
611,418
612,418
613,418
614,418
615,418
616,418
617,418
618,418
619,418
620,418
621,418
622,418
623,418
624,418
625,418
431,419
432,419
460,419
461,419
462,419
463,419
464,419
465,419
466,419
467,419
468,419
469,419
470,419
471,419
472,419
473,419
474,419
475,419
476,419
477,419
478,419
479,419
480,419
481,419
482,419
483,419
484,419
485,419
486,419
487,419
488,419
489,419
490,419
491,419
492,419
493,419
494,419
495,419
496,419
497,419
498,419
499,419
500,419
501,419
502,419
503,419
504,419
505,419
506,419
507,419
508,419
509,419
510,419
511,419
512,419
513,419
514,419
515,419
516,419
517,419
518,419
519,419
520,419
521,419
522,419
523,419
524,419
525,419
526,419
527,419
528,419
529,419
530,419
531,419
532,419
533,419
534,419
535,419
536,419
537,419
538,419
539,419
540,419
541,419
542,419
543,419
544,419
545,419
546,419
547,419
548,419
549,419
550,419
551,419
552,419
553,419
554,419
555,419
556,419
557,419
558,419
559,419
560,419
561,419
562,419
563,419
564,419
565,419
566,419
567,419
568,419
569,419
570,419
571,419
572,419
573,419
574,419
575,419
576,419
577,419
578,419
579,419
580,419
581,419
582,419
583,419
584,419
585,419
586,419
587,419
588,419
589,419
590,419
591,419
592,419
593,419
594,419
595,419
596,419
597,419
598,419
599,419
600,419
601,419
602,419
603,419
604,419
605,419
606,419
607,419
608,419
609,419
610,419
611,419
612,419
613,419
614,419
615,419
616,419
617,419
618,419
619,419
620,419
621,419
622,419
623,419
624,419
625,419
626,419
627,419
628,419
629,419
458,420
459,420
460,420
461,420
462,420
463,420
464,420
465,420
466,420
467,420
468,420
469,420
470,420
471,420
472,420
473,420
474,420
475,420
476,420
477,420
478,420
479,420
480,420
481,420
482,420
483,420
484,420
485,420
486,420
487,420
488,420
489,420
490,420
491,420
492,420
493,420
494,420
495,420
496,420
497,420
498,420
499,420
500,420
501,420
502,420
503,420
504,420
505,420
506,420
507,420
508,420
509,420
510,420
511,420
512,420
513,420
514,420
515,420
516,420
517,420
518,420
519,420
520,420
521,420
522,420
523,420
524,420
525,420
526,420
527,420
528,420
529,420
530,420
531,420
532,420
533,420
534,420
535,420
536,420
537,420
538,420
539,420
540,420
541,420
542,420
543,420
544,420
545,420
546,420
547,420
548,420
549,420
550,420
551,420
552,420
553,420
554,420
555,420
556,420
557,420
558,420
559,420
560,420
561,420
562,420
563,420
564,420
565,420
566,420
567,420
568,420
569,420
570,420
571,420
572,420
573,420
574,420
575,420
576,420
577,420
578,420
579,420
580,420
581,420
582,420
583,420
584,420
585,420
586,420
587,420
588,420
589,420
590,420
591,420
592,420
593,420
594,420
595,420
596,420
597,420
598,420
599,420
600,420
601,420
602,420
603,420
604,420
605,420
606,420
607,420
608,420
609,420
610,420
611,420
612,420
613,420
614,420
615,420
616,420
617,420
618,420
619,420
620,420
621,420
622,420
623,420
624,420
625,420
626,420
627,420
628,420
629,420
630,420
631,420
632,420
633,420
456,421
457,421
458,421
459,421
460,421
461,421
462,421
463,421
464,421
465,421
466,421
467,421
468,421
469,421
470,421
471,421
472,421
473,421
474,421
475,421
476,421
477,421
478,421
479,421
480,421
481,421
482,421
483,421
484,421
485,421
486,421
487,421
488,421
489,421
490,421
491,421
492,421
493,421
494,421
495,421
496,421
497,421
498,421
499,421
500,421
501,421
502,421
503,421
504,421
505,421
506,421
507,421
508,421
509,421
510,421
511,421
512,421
513,421
514,421
515,421
516,421
517,421
518,421
519,421
520,421
521,421
522,421
523,421
524,421
525,421
526,421
527,421
528,421
529,421
530,421
531,421
532,421
533,421
534,421
535,421
536,421
537,421
538,421
539,421
540,421
541,421
542,421
543,421
544,421
545,421
546,421
547,421
548,421
549,421
550,421
551,421
552,421
553,421
554,421
555,421
556,421
557,421
558,421
559,421
560,421
561,421
562,421
563,421
564,421
565,421
566,421
567,421
568,421
569,421
570,421
571,421
572,421
573,421
574,421
575,421
576,421
577,421
578,421
579,421
580,421
581,421
582,421
583,421
584,421
585,421
586,421
587,421
588,421
589,421
590,421
591,421
592,421
593,421
594,421
595,421
596,421
597,421
598,421
599,421
600,421
601,421
602,421
603,421
604,421
605,421
606,421
607,421
608,421
609,421
610,421
611,421
612,421
613,421
614,421
615,421
616,421
617,421
618,421
619,421
620,421
621,421
622,421
623,421
624,421
625,421
626,421
627,421
628,421
629,421
630,421
631,421
632,421
633,421
634,421
635,421
636,421
637,421
454,422
455,422
456,422
457,422
458,422
459,422
460,422
461,422
462,422
463,422
464,422
465,422
466,422
467,422
468,422
469,422
470,422
471,422
472,422
473,422
474,422
475,422
476,422
477,422
478,422
479,422
480,422
481,422
482,422
483,422
484,422
485,422
486,422
487,422
488,422
489,422
490,422
491,422
492,422
493,422
494,422
495,422
496,422
497,422
498,422
499,422
500,422
501,422
502,422
503,422
504,422
505,422
506,422
507,422
508,422
509,422
510,422
511,422
512,422
513,422
514,422
515,422
516,422
517,422
518,422
519,422
520,422
521,422
522,422
523,422
524,422
525,422
526,422
527,422
528,422
529,422
530,422
531,422
532,422
533,422
534,422
535,422
536,422
537,422
538,422
539,422
540,422
541,422
542,422
543,422
544,422
545,422
546,422
547,422
548,422
549,422
550,422
551,422
552,422
553,422
554,422
555,422
556,422
557,422
558,422
559,422
560,422
561,422
562,422
563,422
564,422
565,422
566,422
567,422
568,422
569,422
570,422
571,422
572,422
573,422
574,422
575,422
576,422
577,422
578,422
579,422
580,422
581,422
582,422
583,422
584,422
585,422
586,422
587,422
588,422
589,422
590,422
591,422
592,422
593,422
594,422
595,422
596,422
597,422
598,422
599,422
600,422
601,422
602,422
603,422
604,422
605,422
606,422
607,422
608,422
609,422
610,422
611,422
612,422
613,422
614,422
615,422
616,422
617,422
618,422
619,422
620,422
621,422
622,422
623,422
624,422
625,422
626,422
627,422
628,422
629,422
630,422
631,422
632,422
633,422
634,422
635,422
636,422
637,422
638,422
639,422
640,422
641,422
453,423
454,423
455,423
456,423
457,423
458,423
459,423
460,423
461,423
462,423
463,423
464,423
465,423
466,423
467,423
468,423
469,423
470,423
471,423
472,423
473,423
474,423
475,423
476,423
477,423
478,423
479,423
480,423
481,423
482,423
483,423
484,423
485,423
486,423
487,423
488,423
489,423
490,423
491,423
492,423
493,423
494,423
495,423
496,423
497,423
498,423
499,423
500,423
501,423
502,423
503,423
504,423
505,423
506,423
507,423
508,423
509,423
510,423
511,423
512,423
513,423
514,423
515,423
516,423
517,423
518,423
519,423
520,423
521,423
522,423
523,423
524,423
525,423
526,423
527,423
528,423
529,423
530,423
531,423
532,423
533,423
534,423
535,423
536,423
537,423
538,423
539,423
540,423
541,423
542,423
543,423
544,423
545,423
546,423
547,423
548,423
549,423
550,423
551,423
552,423
553,423
554,423
555,423
556,423
557,423
558,423
559,423
560,423
561,423
562,423
563,423
564,423
565,423
566,423
567,423
568,423
569,423
570,423
571,423
572,423
573,423
574,423
575,423
576,423
577,423
578,423
579,423
580,423
581,423
582,423
583,423
584,423
585,423
586,423
587,423
588,423
589,423
590,423
591,423
592,423
593,423
594,423
595,423
596,423
597,423
598,423
599,423
600,423
601,423
602,423
603,423
604,423
605,423
606,423
607,423
608,423
609,423
610,423
611,423
612,423
613,423
614,423
615,423
616,423
617,423
618,423
619,423
620,423
621,423
622,423
623,423
624,423
625,423
626,423
627,423
628,423
629,423
630,423
631,423
632,423
633,423
634,423
635,423
636,423
637,423
638,423
639,423
640,423
641,423
642,423
643,423
644,423
645,423
451,424
452,424
453,424
454,424
455,424
456,424
457,424
458,424
459,424
460,424
461,424
462,424
463,424
464,424
465,424
466,424
467,424
468,424
469,424
470,424
471,424
472,424
473,424
474,424
475,424
476,424
477,424
478,424
479,424
480,424
481,424
482,424
483,424
484,424
485,424
486,424
487,424
488,424
489,424
490,424
491,424
492,424
493,424
494,424
495,424
496,424
497,424
498,424
499,424
500,424
501,424
502,424
503,424
504,424
505,424
506,424
507,424
508,424
509,424
510,424
511,424
512,424
513,424
514,424
515,424
516,424
517,424
518,424
519,424
520,424
521,424
522,424
523,424
524,424
525,424
526,424
527,424
528,424
529,424
530,424
531,424
532,424
533,424
534,424
535,424
536,424
537,424
538,424
539,424
540,424
541,424
542,424
543,424
544,424
545,424
546,424
547,424
548,424
549,424
550,424
551,424
552,424
553,424
554,424
555,424
556,424
557,424
558,424
559,424
560,424
561,424
562,424
563,424
564,424
565,424
566,424
567,424
568,424
569,424
570,424
571,424
572,424
573,424
574,424
575,424
576,424
577,424
578,424
579,424
580,424
581,424
582,424
583,424
584,424
585,424
586,424
587,424
588,424
589,424
590,424
591,424
592,424
593,424
594,424
595,424
596,424
597,424
598,424
599,424
600,424
601,424
602,424
603,424
604,424
605,424
606,424
607,424
608,424
609,424
610,424
611,424
612,424
613,424
614,424
615,424
616,424
617,424
618,424
619,424
620,424
621,424
622,424
623,424
624,424
625,424
626,424
627,424
628,424
629,424
630,424
631,424
632,424
633,424
634,424
635,424
636,424
637,424
638,424
639,424
640,424
641,424
642,424
643,424
644,424
645,424
646,424
647,424
648,424
449,425
450,425
451,425
452,425
453,425
454,425
455,425
456,425
457,425
458,425
459,425
460,425
461,425
462,425
463,425
464,425
465,425
466,425
467,425
468,425
469,425
470,425
471,425
472,425
473,425
474,425
475,425
476,425
477,425
478,425
479,425
480,425
481,425
482,425
483,425
484,425
485,425
486,425
487,425
488,425
489,425
490,425
491,425
492,425
493,425
494,425
495,425
496,425
497,425
498,425
499,425
500,425
501,425
502,425
503,425
504,425
505,425
506,425
507,425
508,425
509,425
510,425
511,425
512,425
513,425
514,425
515,425
516,425
517,425
518,425
519,425
520,425
521,425
522,425
523,425
524,425
525,425
526,425
527,425
528,425
529,425
530,425
531,425
532,425
533,425
534,425
535,425
536,425
537,425
538,425
539,425
540,425
541,425
542,425
543,425
544,425
545,425
546,425
547,425
548,425
549,425
550,425
551,425
552,425
553,425
554,425
555,425
556,425
557,425
558,425
559,425
560,425
561,425
562,425
563,425
564,425
565,425
566,425
567,425
568,425
569,425
570,425
571,425
572,425
573,425
574,425
575,425
576,425
577,425
578,425
579,425
580,425
581,425
582,425
583,425
584,425
585,425
586,425
587,425
588,425
589,425
590,425
591,425
592,425
593,425
594,425
595,425
596,425
597,425
598,425
599,425
600,425
601,425
602,425
603,425
604,425
605,425
606,425
607,425
608,425
609,425
610,425
611,425
612,425
613,425
614,425
615,425
616,425
617,425
618,425
619,425
620,425
621,425
622,425
623,425
624,425
625,425
626,425
627,425
628,425
629,425
630,425
631,425
632,425
633,425
634,425
635,425
636,425
637,425
638,425
639,425
640,425
641,425
642,425
643,425
644,425
645,425
646,425
647,425
648,425
649,425
447,426
448,426
449,426
450,426
451,426
452,426
453,426
454,426
455,426
456,426
457,426
458,426
459,426
460,426
461,426
462,426
463,426
464,426
465,426
466,426
467,426
468,426
469,426
470,426
471,426
472,426
473,426
474,426
475,426
476,426
477,426
478,426
479,426
480,426
481,426
482,426
483,426
484,426
485,426
486,426
487,426
488,426
489,426
490,426
491,426
492,426
493,426
494,426
495,426
496,426
497,426
498,426
499,426
500,426
501,426
502,426
503,426
504,426
505,426
506,426
507,426
508,426
509,426
510,426
511,426
512,426
513,426
514,426
515,426
516,426
517,426
518,426
519,426
520,426
521,426
522,426
523,426
524,426
525,426
526,426
527,426
528,426
529,426
530,426
531,426
532,426
533,426
534,426
535,426
536,426
537,426
538,426
539,426
540,426
541,426
542,426
543,426
544,426
545,426
546,426
547,426
548,426
549,426
550,426
551,426
552,426
553,426
554,426
555,426
556,426
557,426
558,426
559,426
560,426
561,426
562,426
563,426
564,426
565,426
566,426
567,426
568,426
569,426
570,426
571,426
572,426
573,426
574,426
575,426
576,426
577,426
578,426
579,426
580,426
581,426
582,426
583,426
584,426
585,426
586,426
587,426
588,426
589,426
590,426
591,426
592,426
593,426
594,426
595,426
596,426
597,426
598,426
599,426
600,426
601,426
602,426
603,426
604,426
605,426
606,426
607,426
608,426
609,426
610,426
611,426
612,426
613,426
614,426
615,426
616,426
617,426
618,426
619,426
620,426
621,426
622,426
623,426
624,426
625,426
626,426
627,426
628,426
629,426
630,426
631,426
632,426
633,426
634,426
635,426
636,426
637,426
638,426
639,426
640,426
641,426
642,426
643,426
644,426
645,426
646,426
647,426
648,426
649,426
650,426
445,427
446,427
447,427
448,427
449,427
450,427
451,427
452,427
453,427
454,427
455,427
456,427
457,427
458,427
459,427
460,427
461,427
462,427
463,427
464,427
465,427
466,427
467,427
468,427
469,427
470,427
471,427
472,427
473,427
474,427
475,427
476,427
477,427
478,427
479,427
480,427
481,427
482,427
483,427
484,427
485,427
486,427
487,427
488,427
489,427
490,427
491,427
492,427
493,427
494,427
495,427
496,427
497,427
498,427
499,427
500,427
501,427
502,427
503,427
504,427
505,427
506,427
507,427
508,427
509,427
510,427
511,427
512,427
513,427
514,427
515,427
516,427
517,427
518,427
519,427
520,427
521,427
522,427
523,427
524,427
525,427
526,427
527,427
528,427
529,427
530,427
531,427
532,427
533,427
534,427
535,427
536,427
537,427
538,427
539,427
540,427
541,427
542,427
543,427
544,427
545,427
546,427
547,427
548,427
549,427
550,427
551,427
552,427
553,427
554,427
555,427
556,427
557,427
558,427
559,427
560,427
561,427
562,427
563,427
564,427
565,427
566,427
567,427
568,427
569,427
570,427
571,427
572,427
573,427
574,427
575,427
576,427
577,427
578,427
579,427
580,427
581,427
582,427
583,427
584,427
585,427
586,427
587,427
588,427
589,427
590,427
591,427
592,427
593,427
594,427
595,427
596,427
597,427
598,427
599,427
600,427
601,427
602,427
603,427
604,427
605,427
606,427
607,427
608,427
609,427
610,427
611,427
612,427
613,427
614,427
615,427
616,427
617,427
618,427
619,427
620,427
621,427
622,427
623,427
624,427
625,427
626,427
627,427
628,427
629,427
630,427
631,427
632,427
633,427
634,427
635,427
636,427
637,427
638,427
639,427
640,427
641,427
642,427
643,427
644,427
645,427
646,427
647,427
648,427
649,427
650,427
651,427
652,427
443,428
444,428
445,428
446,428
447,428
448,428
449,428
450,428
451,428
452,428
453,428
454,428
455,428
456,428
457,428
458,428
459,428
460,428
461,428
462,428
463,428
464,428
465,428
466,428
467,428
468,428
469,428
470,428
471,428
472,428
473,428
474,428
475,428
476,428
477,428
478,428
479,428
480,428
481,428
482,428
483,428
484,428
485,428
486,428
487,428
488,428
489,428
490,428
491,428
492,428
493,428
494,428
495,428
496,428
497,428
498,428
499,428
500,428
501,428
502,428
503,428
504,428
505,428
506,428
507,428
508,428
509,428
510,428
511,428
512,428
513,428
514,428
515,428
516,428
517,428
518,428
519,428
520,428
521,428
522,428
523,428
524,428
525,428
526,428
527,428
528,428
529,428
530,428
531,428
532,428
533,428
534,428
535,428
536,428
537,428
538,428
539,428
540,428
541,428
542,428
543,428
544,428
545,428
546,428
547,428
548,428
549,428
550,428
551,428
552,428
553,428
554,428
555,428
556,428
557,428
558,428
559,428
560,428
561,428
562,428
563,428
564,428
565,428
566,428
567,428
568,428
569,428
570,428
571,428
572,428
573,428
574,428
575,428
576,428
577,428
578,428
579,428
580,428
581,428
582,428
583,428
584,428
585,428
586,428
587,428
588,428
589,428
590,428
591,428
592,428
593,428
594,428
595,428
596,428
597,428
598,428
599,428
600,428
601,428
602,428
603,428
604,428
605,428
606,428
607,428
608,428
609,428
610,428
611,428
612,428
613,428
614,428
615,428
616,428
617,428
618,428
619,428
620,428
621,428
622,428
623,428
624,428
625,428
626,428
627,428
628,428
629,428
630,428
631,428
632,428
633,428
634,428
635,428
636,428
637,428
638,428
639,428
640,428
641,428
642,428
643,428
644,428
645,428
646,428
647,428
648,428
649,428
650,428
651,428
652,428
653,428
441,429
442,429
443,429
444,429
445,429
446,429
447,429
448,429
449,429
450,429
451,429
452,429
453,429
454,429
455,429
456,429
457,429
458,429
459,429
460,429
461,429
462,429
463,429
464,429
465,429
466,429
467,429
468,429
469,429
470,429
471,429
472,429
473,429
474,429
475,429
476,429
477,429
478,429
479,429
480,429
481,429
482,429
483,429
484,429
485,429
486,429
487,429
488,429
489,429
490,429
491,429
492,429
493,429
494,429
495,429
496,429
497,429
498,429
499,429
500,429
501,429
502,429
503,429
504,429
505,429
506,429
507,429
508,429
509,429
510,429
511,429
512,429
513,429
514,429
515,429
516,429
517,429
518,429
519,429
520,429
521,429
522,429
523,429
524,429
525,429
526,429
527,429
528,429
529,429
530,429
531,429
532,429
533,429
534,429
535,429
536,429
537,429
538,429
539,429
540,429
541,429
542,429
543,429
544,429
545,429
546,429
547,429
548,429
549,429
550,429
551,429
552,429
553,429
554,429
555,429
556,429
557,429
558,429
559,429
560,429
561,429
562,429
563,429
564,429
565,429
566,429
567,429
568,429
569,429
570,429
571,429
572,429
573,429
574,429
575,429
576,429
577,429
578,429
579,429
580,429
581,429
582,429
583,429
584,429
585,429
586,429
587,429
588,429
589,429
590,429
591,429
592,429
593,429
594,429
595,429
596,429
597,429
598,429
599,429
600,429
601,429
602,429
603,429
604,429
605,429
606,429
607,429
608,429
609,429
610,429
611,429
612,429
613,429
614,429
615,429
616,429
617,429
618,429
619,429
620,429
621,429
622,429
623,429
624,429
625,429
626,429
627,429
628,429
629,429
630,429
631,429
632,429
633,429
634,429
635,429
636,429
637,429
638,429
639,429
640,429
641,429
642,429
643,429
644,429
645,429
646,429
647,429
648,429
649,429
650,429
651,429
652,429
653,429
654,429
440,430
441,430
442,430
443,430
444,430
445,430
446,430
447,430
448,430
449,430
450,430
451,430
452,430
453,430
454,430
455,430
456,430
457,430
458,430
459,430
460,430
461,430
462,430
463,430
464,430
465,430
466,430
467,430
468,430
469,430
470,430
471,430
472,430
473,430
474,430
475,430
476,430
477,430
478,430
479,430
480,430
481,430
482,430
483,430
484,430
485,430
486,430
487,430
488,430
489,430
490,430
491,430
492,430
493,430
494,430
495,430
496,430
497,430
498,430
499,430
500,430
501,430
502,430
503,430
504,430
505,430
506,430
507,430
508,430
509,430
510,430
511,430
512,430
513,430
514,430
515,430
516,430
517,430
518,430
519,430
520,430
521,430
522,430
523,430
524,430
525,430
526,430
527,430
528,430
529,430
530,430
531,430
532,430
533,430
534,430
535,430
536,430
537,430
538,430
539,430
540,430
541,430
542,430
543,430
544,430
545,430
546,430
547,430
548,430
549,430
550,430
551,430
552,430
553,430
554,430
555,430
556,430
557,430
558,430
559,430
560,430
561,430
562,430
563,430
564,430
565,430
566,430
567,430
568,430
569,430
570,430
571,430
572,430
573,430
574,430
575,430
576,430
577,430
578,430
579,430
580,430
581,430
582,430
583,430
584,430
585,430
586,430
587,430
588,430
589,430
590,430
591,430
592,430
593,430
594,430
595,430
596,430
597,430
598,430
599,430
600,430
601,430
602,430
603,430
604,430
605,430
606,430
607,430
608,430
609,430
610,430
611,430
612,430
613,430
614,430
615,430
616,430
617,430
618,430
619,430
620,430
621,430
622,430
623,430
624,430
625,430
626,430
627,430
628,430
629,430
630,430
631,430
632,430
633,430
634,430
635,430
636,430
637,430
638,430
639,430
640,430
641,430
642,430
643,430
644,430
645,430
646,430
647,430
648,430
649,430
650,430
651,430
652,430
653,430
654,430
655,430
438,431
439,431
440,431
441,431
442,431
443,431
444,431
445,431
446,431
447,431
448,431
449,431
450,431
451,431
452,431
453,431
454,431
455,431
456,431
457,431
458,431
459,431
460,431
461,431
462,431
463,431
464,431
465,431
466,431
467,431
468,431
469,431
470,431
471,431
472,431
473,431
474,431
475,431
476,431
477,431
478,431
479,431
480,431
481,431
482,431
483,431
484,431
485,431
486,431
487,431
488,431
489,431
490,431
491,431
492,431
493,431
494,431
495,431
496,431
497,431
498,431
499,431
500,431
501,431
502,431
503,431
504,431
505,431
506,431
507,431
508,431
509,431
510,431
511,431
512,431
513,431
514,431
515,431
516,431
517,431
518,431
519,431
520,431
521,431
522,431
523,431
524,431
525,431
526,431
527,431
528,431
529,431
530,431
531,431
532,431
533,431
534,431
535,431
536,431
537,431
538,431
539,431
540,431
541,431
542,431
543,431
544,431
545,431
546,431
547,431
548,431
549,431
550,431
551,431
552,431
553,431
554,431
555,431
556,431
557,431
558,431
559,431
560,431
561,431
562,431
563,431
564,431
565,431
566,431
567,431
568,431
569,431
570,431
571,431
572,431
573,431
574,431
575,431
576,431
577,431
578,431
579,431
580,431
581,431
582,431
583,431
584,431
585,431
586,431
587,431
588,431
589,431
590,431
591,431
592,431
593,431
594,431
595,431
596,431
597,431
598,431
599,431
600,431
601,431
602,431
603,431
604,431
605,431
606,431
607,431
608,431
609,431
610,431
611,431
612,431
613,431
614,431
615,431
616,431
617,431
618,431
619,431
620,431
621,431
622,431
623,431
624,431
625,431
626,431
627,431
628,431
629,431
630,431
631,431
632,431
633,431
634,431
635,431
636,431
637,431
638,431
639,431
640,431
641,431
642,431
643,431
644,431
645,431
646,431
647,431
648,431
649,431
650,431
651,431
652,431
653,431
654,431
655,431
656,431
436,432
437,432
438,432
439,432
440,432
441,432
442,432
443,432
444,432
445,432
446,432
447,432
448,432
449,432
450,432
451,432
452,432
453,432
454,432
455,432
456,432
457,432
458,432
459,432
460,432
461,432
462,432
463,432
464,432
465,432
466,432
467,432
468,432
469,432
470,432
471,432
472,432
473,432
474,432
475,432
476,432
477,432
478,432
479,432
480,432
481,432
482,432
483,432
484,432
485,432
486,432
487,432
488,432
489,432
490,432
491,432
492,432
493,432
494,432
495,432
496,432
497,432
498,432
499,432
500,432
501,432
502,432
503,432
504,432
505,432
506,432
507,432
508,432
509,432
510,432
511,432
512,432
513,432
514,432
515,432
516,432
517,432
518,432
519,432
520,432
521,432
522,432
523,432
524,432
525,432
526,432
527,432
528,432
529,432
530,432
531,432
532,432
533,432
534,432
535,432
536,432
537,432
538,432
539,432
540,432
541,432
542,432
543,432
544,432
545,432
546,432
547,432
548,432
549,432
550,432
551,432
552,432
553,432
554,432
555,432
556,432
557,432
558,432
559,432
560,432
561,432
562,432
563,432
564,432
565,432
566,432
567,432
568,432
569,432
570,432
571,432
572,432
573,432
574,432
575,432
576,432
577,432
578,432
579,432
580,432
581,432
582,432
583,432
584,432
585,432
586,432
587,432
588,432
589,432
590,432
591,432
592,432
593,432
594,432
595,432
596,432
597,432
598,432
599,432
600,432
601,432
602,432
603,432
604,432
605,432
606,432
607,432
608,432
609,432
610,432
611,432
612,432
613,432
614,432
615,432
616,432
617,432
618,432
619,432
620,432
621,432
622,432
623,432
624,432
625,432
626,432
627,432
628,432
629,432
630,432
631,432
632,432
633,432
634,432
635,432
636,432
637,432
638,432
639,432
640,432
641,432
642,432
643,432
644,432
645,432
646,432
647,432
648,432
649,432
650,432
651,432
652,432
653,432
654,432
655,432
656,432
657,432
434,433
435,433
436,433
437,433
438,433
439,433
440,433
441,433
442,433
443,433
444,433
445,433
446,433
447,433
448,433
449,433
450,433
451,433
454,433
455,433
456,433
457,433
458,433
459,433
460,433
461,433
462,433
463,433
464,433
465,433
466,433
467,433
468,433
469,433
470,433
471,433
472,433
473,433
474,433
475,433
476,433
477,433
478,433
479,433
480,433
481,433
482,433
483,433
484,433
485,433
486,433
487,433
488,433
489,433
490,433
491,433
492,433
493,433
494,433
495,433
496,433
497,433
498,433
499,433
500,433
501,433
502,433
503,433
504,433
505,433
506,433
507,433
508,433
509,433
510,433
511,433
512,433
513,433
514,433
515,433
516,433
517,433
518,433
519,433
520,433
521,433
522,433
523,433
524,433
525,433
526,433
527,433
528,433
529,433
530,433
531,433
532,433
533,433
534,433
535,433
536,433
537,433
538,433
539,433
540,433
541,433
542,433
543,433
544,433
545,433
546,433
547,433
548,433
549,433
550,433
551,433
552,433
553,433
554,433
555,433
556,433
557,433
558,433
559,433
560,433
561,433
562,433
563,433
564,433
565,433
566,433
567,433
568,433
569,433
570,433
571,433
572,433
573,433
574,433
575,433
576,433
577,433
578,433
579,433
580,433
581,433
582,433
583,433
584,433
585,433
586,433
587,433
588,433
589,433
590,433
591,433
592,433
593,433
594,433
595,433
596,433
597,433
598,433
599,433
600,433
601,433
602,433
603,433
604,433
605,433
606,433
607,433
608,433
609,433
610,433
611,433
612,433
613,433
614,433
615,433
616,433
617,433
618,433
619,433
620,433
621,433
622,433
623,433
624,433
625,433
626,433
627,433
628,433
629,433
630,433
631,433
632,433
633,433
634,433
635,433
636,433
637,433
638,433
639,433
640,433
641,433
642,433
643,433
644,433
645,433
646,433
647,433
648,433
649,433
650,433
651,433
652,433
653,433
654,433
655,433
656,433
657,433
658,433
432,434
433,434
434,434
435,434
436,434
437,434
438,434
439,434
440,434
441,434
442,434
443,434
444,434
445,434
453,434
454,434
455,434
456,434
457,434
458,434
459,434
460,434
461,434
462,434
463,434
464,434
465,434
466,434
467,434
468,434
469,434
470,434
471,434
472,434
473,434
474,434
475,434
476,434
477,434
478,434
479,434
480,434
481,434
482,434
483,434
484,434
485,434
486,434
487,434
488,434
489,434
490,434
491,434
492,434
493,434
494,434
495,434
496,434
497,434
498,434
499,434
500,434
501,434
502,434
503,434
504,434
505,434
506,434
507,434
508,434
509,434
510,434
511,434
512,434
513,434
514,434
515,434
516,434
517,434
518,434
519,434
520,434
521,434
522,434
523,434
524,434
525,434
526,434
527,434
528,434
529,434
530,434
531,434
532,434
533,434
534,434
535,434
536,434
537,434
538,434
539,434
540,434
541,434
542,434
543,434
544,434
545,434
546,434
547,434
548,434
549,434
550,434
551,434
552,434
553,434
554,434
555,434
556,434
557,434
558,434
559,434
560,434
561,434
562,434
563,434
564,434
565,434
566,434
567,434
568,434
569,434
570,434
571,434
572,434
573,434
574,434
575,434
576,434
577,434
578,434
579,434
580,434
581,434
582,434
583,434
584,434
585,434
586,434
587,434
588,434
589,434
590,434
591,434
592,434
593,434
594,434
595,434
596,434
597,434
598,434
599,434
600,434
601,434
602,434
603,434
604,434
605,434
606,434
607,434
608,434
609,434
610,434
611,434
612,434
613,434
614,434
615,434
616,434
617,434
618,434
619,434
620,434
621,434
622,434
623,434
624,434
625,434
626,434
627,434
628,434
629,434
630,434
631,434
632,434
633,434
634,434
635,434
636,434
637,434
638,434
639,434
640,434
641,434
642,434
643,434
644,434
645,434
646,434
647,434
648,434
649,434
650,434
651,434
652,434
653,434
654,434
655,434
656,434
657,434
658,434
659,434
660,434
430,435
431,435
432,435
433,435
434,435
435,435
436,435
437,435
438,435
439,435
440,435
453,435
454,435
455,435
456,435
457,435
458,435
459,435
460,435
461,435
462,435
463,435
464,435
465,435
466,435
467,435
468,435
469,435
470,435
471,435
472,435
473,435
474,435
475,435
476,435
477,435
478,435
479,435
480,435
481,435
482,435
483,435
484,435
485,435
486,435
487,435
488,435
489,435
490,435
491,435
492,435
493,435
494,435
495,435
496,435
497,435
498,435
499,435
500,435
501,435
502,435
503,435
504,435
505,435
506,435
507,435
508,435
509,435
510,435
511,435
512,435
513,435
514,435
515,435
516,435
517,435
518,435
519,435
520,435
521,435
522,435
523,435
524,435
525,435
526,435
527,435
528,435
529,435
530,435
531,435
532,435
533,435
534,435
535,435
536,435
537,435
538,435
539,435
540,435
541,435
542,435
543,435
544,435
545,435
546,435
547,435
548,435
549,435
550,435
551,435
552,435
553,435
554,435
555,435
556,435
557,435
558,435
559,435
560,435
561,435
562,435
563,435
564,435
565,435
566,435
567,435
568,435
569,435
570,435
571,435
572,435
573,435
574,435
575,435
576,435
577,435
578,435
579,435
580,435
581,435
582,435
583,435
584,435
585,435
586,435
587,435
588,435
589,435
590,435
591,435
592,435
593,435
594,435
595,435
596,435
597,435
598,435
599,435
600,435
601,435
602,435
603,435
604,435
605,435
606,435
607,435
608,435
609,435
610,435
611,435
612,435
613,435
614,435
615,435
616,435
617,435
618,435
619,435
620,435
621,435
622,435
623,435
624,435
625,435
626,435
627,435
628,435
629,435
630,435
631,435
632,435
633,435
634,435
635,435
636,435
637,435
638,435
639,435
640,435
641,435
642,435
643,435
644,435
645,435
646,435
647,435
648,435
649,435
650,435
651,435
652,435
653,435
654,435
655,435
656,435
657,435
658,435
659,435
660,435
661,435
428,436
429,436
430,436
431,436
432,436
433,436
434,436
435,436
453,436
454,436
455,436
456,436
457,436
458,436
459,436
460,436
461,436
462,436
463,436
464,436
465,436
466,436
467,436
468,436
469,436
470,436
471,436
472,436
473,436
474,436
475,436
476,436
477,436
478,436
479,436
480,436
481,436
482,436
483,436
484,436
485,436
486,436
487,436
488,436
489,436
490,436
491,436
492,436
493,436
494,436
495,436
496,436
497,436
498,436
499,436
500,436
501,436
502,436
503,436
504,436
505,436
506,436
507,436
508,436
509,436
510,436
511,436
512,436
513,436
514,436
515,436
516,436
517,436
518,436
519,436
520,436
521,436
522,436
523,436
524,436
525,436
526,436
527,436
528,436
529,436
530,436
531,436
532,436
533,436
534,436
535,436
536,436
537,436
538,436
539,436
540,436
541,436
542,436
543,436
544,436
545,436
546,436
547,436
548,436
549,436
550,436
551,436
552,436
553,436
554,436
555,436
556,436
557,436
558,436
559,436
560,436
561,436
562,436
563,436
564,436
565,436
566,436
567,436
568,436
569,436
570,436
571,436
572,436
573,436
574,436
575,436
576,436
577,436
578,436
579,436
580,436
581,436
582,436
583,436
584,436
585,436
586,436
587,436
588,436
589,436
590,436
591,436
592,436
593,436
594,436
595,436
596,436
597,436
598,436
599,436
600,436
601,436
602,436
603,436
604,436
605,436
606,436
607,436
608,436
609,436
610,436
611,436
612,436
613,436
614,436
615,436
616,436
617,436
618,436
619,436
620,436
621,436
622,436
623,436
624,436
625,436
626,436
627,436
628,436
629,436
630,436
631,436
632,436
633,436
634,436
635,436
636,436
637,436
638,436
639,436
640,436
641,436
642,436
643,436
644,436
645,436
646,436
647,436
648,436
649,436
650,436
651,436
652,436
653,436
654,436
655,436
656,436
657,436
658,436
659,436
660,436
661,436
662,436
427,437
428,437
429,437
453,437
454,437
455,437
456,437
457,437
458,437
459,437
460,437
461,437
462,437
463,437
464,437
465,437
466,437
467,437
468,437
469,437
470,437
471,437
472,437
473,437
474,437
475,437
476,437
477,437
478,437
479,437
480,437
481,437
482,437
483,437
484,437
485,437
486,437
487,437
488,437
489,437
490,437
491,437
492,437
493,437
494,437
495,437
496,437
497,437
498,437
499,437
500,437
501,437
502,437
503,437
504,437
505,437
506,437
507,437
508,437
509,437
510,437
511,437
512,437
513,437
514,437
515,437
516,437
517,437
518,437
519,437
520,437
521,437
522,437
523,437
524,437
525,437
526,437
527,437
528,437
529,437
530,437
531,437
532,437
533,437
534,437
535,437
536,437
537,437
538,437
539,437
540,437
541,437
542,437
543,437
544,437
545,437
546,437
547,437
548,437
549,437
550,437
551,437
552,437
553,437
554,437
555,437
556,437
557,437
558,437
559,437
560,437
561,437
562,437
563,437
564,437
565,437
566,437
567,437
568,437
569,437
570,437
571,437
572,437
573,437
574,437
575,437
576,437
577,437
578,437
579,437
580,437
581,437
582,437
583,437
584,437
585,437
586,437
587,437
588,437
589,437
590,437
591,437
592,437
593,437
594,437
595,437
596,437
597,437
598,437
599,437
600,437
601,437
602,437
603,437
604,437
605,437
606,437
607,437
608,437
609,437
610,437
611,437
612,437
613,437
614,437
615,437
616,437
617,437
618,437
619,437
620,437
621,437
622,437
623,437
624,437
625,437
626,437
627,437
628,437
629,437
630,437
631,437
632,437
633,437
634,437
635,437
636,437
637,437
638,437
639,437
640,437
641,437
642,437
643,437
644,437
645,437
646,437
647,437
648,437
649,437
650,437
651,437
652,437
653,437
654,437
655,437
656,437
657,437
658,437
659,437
660,437
661,437
662,437
663,437
452,438
453,438
454,438
455,438
456,438
457,438
458,438
459,438
460,438
461,438
462,438
463,438
464,438
465,438
466,438
467,438
468,438
469,438
470,438
471,438
472,438
473,438
474,438
475,438
476,438
477,438
478,438
479,438
480,438
481,438
482,438
483,438
484,438
485,438
486,438
487,438
488,438
489,438
490,438
491,438
492,438
493,438
494,438
495,438
496,438
497,438
498,438
499,438
500,438
501,438
502,438
503,438
504,438
505,438
506,438
507,438
508,438
509,438
510,438
511,438
512,438
513,438
514,438
515,438
516,438
517,438
518,438
519,438
520,438
521,438
522,438
523,438
524,438
525,438
526,438
527,438
528,438
529,438
530,438
531,438
532,438
533,438
534,438
535,438
536,438
537,438
538,438
539,438
540,438
541,438
542,438
543,438
544,438
545,438
546,438
547,438
548,438
549,438
550,438
551,438
552,438
553,438
554,438
555,438
556,438
557,438
558,438
559,438
560,438
561,438
562,438
563,438
564,438
565,438
566,438
567,438
568,438
569,438
570,438
571,438
572,438
573,438
574,438
575,438
576,438
577,438
578,438
579,438
580,438
581,438
582,438
583,438
584,438
585,438
586,438
587,438
588,438
589,438
590,438
591,438
592,438
593,438
594,438
595,438
596,438
597,438
598,438
599,438
600,438
601,438
602,438
603,438
604,438
605,438
606,438
607,438
608,438
609,438
610,438
611,438
612,438
613,438
614,438
615,438
616,438
617,438
618,438
619,438
620,438
621,438
622,438
623,438
624,438
625,438
626,438
627,438
628,438
629,438
630,438
631,438
632,438
633,438
634,438
635,438
636,438
637,438
638,438
639,438
640,438
641,438
642,438
643,438
644,438
645,438
646,438
647,438
648,438
649,438
650,438
651,438
652,438
653,438
654,438
655,438
656,438
452,439
453,439
454,439
455,439
456,439
457,439
458,439
459,439
460,439
461,439
462,439
463,439
464,439
465,439
466,439
467,439
468,439
469,439
470,439
471,439
472,439
473,439
474,439
475,439
476,439
477,439
478,439
479,439
480,439
481,439
482,439
483,439
484,439
485,439
486,439
487,439
488,439
489,439
490,439
491,439
492,439
493,439
494,439
495,439
496,439
497,439
498,439
499,439
500,439
501,439
502,439
503,439
504,439
505,439
506,439
507,439
508,439
509,439
510,439
511,439
512,439
513,439
514,439
515,439
516,439
517,439
518,439
519,439
520,439
521,439
522,439
523,439
524,439
525,439
526,439
527,439
528,439
529,439
530,439
531,439
532,439
533,439
534,439
535,439
536,439
537,439
538,439
539,439
540,439
541,439
542,439
543,439
544,439
545,439
546,439
547,439
548,439
549,439
550,439
551,439
552,439
553,439
554,439
555,439
556,439
557,439
558,439
559,439
560,439
561,439
562,439
563,439
564,439
565,439
566,439
567,439
568,439
569,439
570,439
571,439
572,439
573,439
574,439
575,439
576,439
577,439
578,439
579,439
580,439
581,439
582,439
583,439
584,439
585,439
586,439
587,439
588,439
589,439
590,439
591,439
592,439
593,439
594,439
595,439
596,439
597,439
598,439
599,439
600,439
601,439
602,439
603,439
604,439
605,439
606,439
607,439
608,439
609,439
610,439
611,439
612,439
613,439
614,439
615,439
616,439
617,439
618,439
619,439
620,439
621,439
622,439
623,439
624,439
625,439
626,439
627,439
628,439
629,439
630,439
631,439
632,439
633,439
634,439
635,439
636,439
637,439
638,439
639,439
640,439
641,439
642,439
643,439
644,439
452,440
453,440
454,440
455,440
456,440
457,440
458,440
459,440
460,440
461,440
462,440
463,440
464,440
465,440
466,440
467,440
468,440
469,440
470,440
471,440
472,440
473,440
474,440
475,440
476,440
477,440
478,440
479,440
480,440
481,440
482,440
483,440
484,440
485,440
486,440
487,440
488,440
489,440
490,440
491,440
492,440
493,440
494,440
495,440
496,440
497,440
498,440
499,440
500,440
501,440
502,440
503,440
504,440
505,440
506,440
507,440
508,440
509,440
510,440
511,440
512,440
513,440
514,440
515,440
516,440
517,440
518,440
519,440
520,440
521,440
522,440
523,440
524,440
525,440
526,440
527,440
528,440
529,440
530,440
531,440
532,440
533,440
534,440
535,440
536,440
537,440
538,440
539,440
540,440
541,440
542,440
543,440
544,440
545,440
546,440
547,440
548,440
549,440
550,440
551,440
552,440
553,440
554,440
555,440
556,440
557,440
558,440
559,440
560,440
561,440
562,440
563,440
564,440
565,440
566,440
567,440
568,440
569,440
570,440
571,440
572,440
573,440
574,440
575,440
576,440
577,440
578,440
579,440
580,440
581,440
582,440
583,440
584,440
585,440
586,440
587,440
588,440
589,440
590,440
591,440
592,440
593,440
594,440
595,440
596,440
597,440
598,440
599,440
600,440
601,440
602,440
603,440
604,440
605,440
606,440
607,440
608,440
609,440
610,440
611,440
612,440
613,440
614,440
615,440
616,440
617,440
618,440
619,440
620,440
621,440
622,440
623,440
624,440
625,440
626,440
627,440
628,440
629,440
630,440
631,440
451,441
452,441
453,441
454,441
455,441
456,441
457,441
458,441
459,441
460,441
461,441
462,441
463,441
464,441
465,441
466,441
467,441
468,441
469,441
470,441
471,441
472,441
473,441
474,441
475,441
476,441
477,441
478,441
479,441
480,441
481,441
482,441
483,441
484,441
485,441
486,441
487,441
488,441
489,441
490,441
491,441
492,441
493,441
494,441
495,441
496,441
497,441
498,441
499,441
500,441
501,441
502,441
503,441
504,441
505,441
506,441
507,441
508,441
509,441
510,441
511,441
512,441
513,441
514,441
515,441
516,441
517,441
518,441
519,441
520,441
521,441
522,441
523,441
524,441
525,441
526,441
527,441
528,441
529,441
530,441
531,441
532,441
533,441
534,441
535,441
536,441
537,441
538,441
539,441
540,441
541,441
542,441
543,441
544,441
545,441
546,441
547,441
548,441
549,441
550,441
551,441
552,441
553,441
554,441
555,441
556,441
557,441
558,441
559,441
560,441
561,441
562,441
563,441
564,441
565,441
566,441
567,441
568,441
569,441
570,441
571,441
572,441
573,441
574,441
575,441
576,441
577,441
578,441
579,441
580,441
581,441
582,441
583,441
584,441
585,441
586,441
587,441
588,441
589,441
590,441
591,441
592,441
593,441
594,441
595,441
596,441
597,441
598,441
599,441
600,441
601,441
602,441
603,441
604,441
605,441
606,441
607,441
608,441
609,441
610,441
611,441
612,441
613,441
614,441
615,441
616,441
617,441
618,441
619,441
620,441
621,441
622,441
623,441
624,441
625,441
451,442
452,442
453,442
454,442
455,442
456,442
457,442
458,442
459,442
460,442
461,442
462,442
463,442
464,442
465,442
466,442
467,442
468,442
469,442
470,442
471,442
472,442
473,442
474,442
475,442
476,442
477,442
478,442
479,442
480,442
481,442
482,442
483,442
484,442
485,442
486,442
487,442
488,442
489,442
490,442
491,442
492,442
493,442
494,442
495,442
496,442
497,442
498,442
499,442
500,442
501,442
502,442
503,442
504,442
505,442
506,442
507,442
508,442
509,442
510,442
511,442
512,442
513,442
514,442
515,442
516,442
517,442
518,442
519,442
520,442
521,442
522,442
523,442
524,442
525,442
526,442
527,442
528,442
529,442
530,442
531,442
532,442
533,442
534,442
535,442
536,442
537,442
538,442
539,442
540,442
541,442
542,442
543,442
544,442
545,442
546,442
547,442
548,442
549,442
550,442
551,442
552,442
553,442
554,442
555,442
556,442
557,442
558,442
559,442
560,442
561,442
562,442
563,442
564,442
565,442
566,442
567,442
568,442
569,442
570,442
571,442
572,442
573,442
574,442
575,442
576,442
577,442
578,442
579,442
580,442
581,442
582,442
583,442
584,442
585,442
586,442
587,442
588,442
589,442
590,442
591,442
592,442
593,442
594,442
595,442
596,442
597,442
598,442
599,442
600,442
601,442
602,442
603,442
604,442
605,442
606,442
607,442
608,442
609,442
610,442
611,442
612,442
613,442
614,442
615,442
616,442
617,442
618,442
619,442
620,442
621,442
622,442
623,442
624,442
625,442
626,442
451,443
452,443
453,443
454,443
455,443
456,443
457,443
458,443
459,443
460,443
461,443
462,443
463,443
464,443
465,443
466,443
467,443
468,443
469,443
470,443
471,443
472,443
473,443
474,443
475,443
476,443
477,443
478,443
479,443
480,443
481,443
482,443
483,443
484,443
485,443
486,443
487,443
488,443
489,443
490,443
491,443
492,443
493,443
494,443
495,443
496,443
497,443
498,443
499,443
500,443
501,443
502,443
503,443
504,443
505,443
506,443
507,443
508,443
509,443
510,443
511,443
512,443
513,443
514,443
515,443
516,443
517,443
518,443
519,443
520,443
521,443
522,443
523,443
524,443
525,443
526,443
527,443
528,443
529,443
530,443
531,443
532,443
533,443
534,443
535,443
536,443
537,443
538,443
539,443
540,443
541,443
542,443
543,443
544,443
545,443
546,443
547,443
548,443
549,443
550,443
551,443
552,443
553,443
554,443
555,443
556,443
557,443
558,443
559,443
560,443
561,443
562,443
563,443
564,443
565,443
566,443
567,443
568,443
569,443
570,443
571,443
572,443
573,443
574,443
575,443
576,443
577,443
578,443
579,443
580,443
581,443
582,443
583,443
584,443
585,443
586,443
587,443
588,443
589,443
590,443
591,443
592,443
593,443
594,443
595,443
596,443
597,443
598,443
599,443
600,443
601,443
602,443
603,443
604,443
605,443
606,443
607,443
608,443
609,443
610,443
611,443
612,443
613,443
614,443
615,443
616,443
617,443
618,443
619,443
620,443
621,443
622,443
623,443
624,443
625,443
626,443
450,444
451,444
452,444
453,444
454,444
455,444
456,444
457,444
458,444
459,444
460,444
461,444
462,444
463,444
464,444
465,444
466,444
467,444
468,444
469,444
470,444
471,444
472,444
473,444
474,444
475,444
476,444
477,444
478,444
479,444
480,444
481,444
482,444
483,444
484,444
485,444
486,444
487,444
488,444
489,444
490,444
491,444
492,444
493,444
494,444
495,444
496,444
497,444
498,444
499,444
500,444
501,444
502,444
503,444
504,444
505,444
506,444
507,444
508,444
509,444
510,444
511,444
512,444
513,444
514,444
515,444
516,444
517,444
518,444
519,444
520,444
521,444
522,444
523,444
524,444
525,444
526,444
527,444
528,444
529,444
530,444
531,444
532,444
533,444
534,444
535,444
536,444
537,444
538,444
539,444
540,444
541,444
542,444
543,444
544,444
545,444
546,444
547,444
548,444
549,444
550,444
551,444
552,444
553,444
554,444
555,444
556,444
557,444
558,444
559,444
560,444
561,444
562,444
563,444
564,444
565,444
566,444
567,444
568,444
569,444
570,444
571,444
572,444
573,444
574,444
575,444
576,444
577,444
578,444
579,444
580,444
581,444
582,444
583,444
584,444
585,444
586,444
587,444
588,444
589,444
590,444
591,444
592,444
593,444
594,444
595,444
596,444
597,444
598,444
599,444
600,444
601,444
602,444
603,444
604,444
605,444
606,444
607,444
608,444
609,444
610,444
611,444
612,444
613,444
614,444
615,444
616,444
617,444
618,444
619,444
620,444
621,444
622,444
623,444
624,444
625,444
626,444
627,444
450,445
451,445
452,445
453,445
454,445
455,445
456,445
457,445
458,445
459,445
460,445
461,445
462,445
463,445
464,445
465,445
466,445
467,445
468,445
469,445
470,445
471,445
472,445
473,445
474,445
475,445
476,445
477,445
478,445
479,445
480,445
481,445
482,445
483,445
484,445
485,445
486,445
487,445
488,445
489,445
490,445
491,445
492,445
493,445
494,445
495,445
496,445
497,445
498,445
499,445
500,445
501,445
502,445
503,445
504,445
505,445
506,445
507,445
508,445
509,445
510,445
511,445
512,445
513,445
514,445
515,445
516,445
517,445
518,445
519,445
520,445
521,445
522,445
523,445
524,445
525,445
526,445
527,445
528,445
529,445
530,445
531,445
532,445
533,445
534,445
535,445
536,445
537,445
538,445
539,445
540,445
541,445
542,445
543,445
544,445
545,445
546,445
547,445
548,445
549,445
550,445
551,445
552,445
553,445
554,445
555,445
556,445
557,445
558,445
559,445
560,445
561,445
562,445
563,445
564,445
565,445
566,445
567,445
568,445
569,445
570,445
571,445
572,445
573,445
574,445
575,445
576,445
577,445
578,445
579,445
580,445
581,445
582,445
583,445
584,445
585,445
586,445
587,445
588,445
589,445
590,445
591,445
592,445
593,445
594,445
595,445
596,445
597,445
598,445
599,445
600,445
601,445
602,445
603,445
604,445
605,445
606,445
607,445
608,445
609,445
610,445
611,445
612,445
613,445
614,445
615,445
616,445
617,445
618,445
619,445
620,445
621,445
622,445
623,445
624,445
625,445
626,445
627,445
450,446
451,446
452,446
453,446
454,446
455,446
456,446
457,446
458,446
459,446
460,446
461,446
462,446
463,446
464,446
465,446
466,446
467,446
468,446
469,446
470,446
471,446
472,446
473,446
474,446
475,446
476,446
477,446
478,446
479,446
480,446
481,446
482,446
483,446
484,446
485,446
486,446
487,446
488,446
489,446
490,446
491,446
492,446
493,446
494,446
495,446
496,446
497,446
498,446
499,446
500,446
501,446
502,446
503,446
504,446
505,446
506,446
507,446
508,446
509,446
510,446
511,446
512,446
513,446
514,446
515,446
516,446
517,446
518,446
519,446
520,446
521,446
522,446
523,446
524,446
525,446
526,446
527,446
528,446
529,446
530,446
531,446
532,446
533,446
534,446
535,446
536,446
537,446
538,446
539,446
540,446
541,446
542,446
543,446
544,446
545,446
546,446
547,446
548,446
549,446
550,446
551,446
552,446
553,446
554,446
555,446
556,446
557,446
558,446
559,446
560,446
561,446
562,446
563,446
564,446
565,446
566,446
567,446
568,446
569,446
570,446
571,446
572,446
573,446
574,446
575,446
576,446
577,446
578,446
579,446
580,446
581,446
582,446
583,446
584,446
585,446
586,446
587,446
588,446
589,446
590,446
591,446
592,446
593,446
594,446
595,446
596,446
597,446
598,446
599,446
600,446
601,446
602,446
603,446
604,446
605,446
606,446
607,446
608,446
609,446
610,446
611,446
612,446
613,446
614,446
615,446
616,446
617,446
618,446
619,446
620,446
621,446
622,446
623,446
624,446
625,446
626,446
627,446
628,446
450,447
451,447
452,447
453,447
454,447
455,447
456,447
457,447
458,447
459,447
460,447
461,447
462,447
463,447
464,447
465,447
466,447
467,447
468,447
469,447
470,447
471,447
472,447
473,447
474,447
475,447
476,447
477,447
478,447
479,447
480,447
481,447
482,447
483,447
484,447
485,447
486,447
487,447
488,447
489,447
490,447
491,447
492,447
493,447
494,447
495,447
496,447
497,447
498,447
499,447
500,447
501,447
502,447
503,447
504,447
505,447
506,447
507,447
508,447
509,447
510,447
511,447
512,447
513,447
514,447
515,447
516,447
517,447
518,447
519,447
520,447
521,447
522,447
523,447
524,447
525,447
526,447
527,447
528,447
529,447
530,447
531,447
532,447
533,447
534,447
535,447
536,447
537,447
538,447
539,447
540,447
541,447
542,447
543,447
544,447
545,447
546,447
547,447
548,447
549,447
550,447
551,447
552,447
553,447
554,447
555,447
556,447
557,447
558,447
559,447
560,447
561,447
562,447
563,447
564,447
565,447
566,447
567,447
568,447
569,447
570,447
571,447
572,447
573,447
574,447
575,447
576,447
577,447
578,447
579,447
580,447
581,447
582,447
583,447
584,447
585,447
586,447
587,447
588,447
589,447
590,447
591,447
592,447
593,447
594,447
595,447
596,447
597,447
598,447
599,447
600,447
601,447
602,447
603,447
604,447
605,447
606,447
607,447
608,447
609,447
610,447
611,447
612,447
613,447
614,447
615,447
616,447
617,447
618,447
619,447
620,447
621,447
622,447
623,447
624,447
625,447
626,447
627,447
628,447
449,448
450,448
451,448
452,448
453,448
454,448
455,448
456,448
457,448
458,448
459,448
460,448
461,448
462,448
463,448
464,448
465,448
466,448
467,448
468,448
469,448
470,448
471,448
472,448
473,448
474,448
475,448
476,448
477,448
478,448
479,448
480,448
481,448
482,448
483,448
484,448
485,448
486,448
487,448
488,448
489,448
490,448
491,448
492,448
493,448
494,448
495,448
496,448
497,448
498,448
499,448
500,448
501,448
502,448
503,448
504,448
505,448
506,448
507,448
508,448
509,448
510,448
511,448
512,448
513,448
514,448
515,448
516,448
517,448
518,448
519,448
520,448
521,448
522,448
523,448
524,448
525,448
526,448
527,448
528,448
529,448
530,448
531,448
532,448
533,448
534,448
535,448
536,448
537,448
538,448
539,448
540,448
541,448
542,448
543,448
544,448
545,448
546,448
547,448
548,448
549,448
550,448
551,448
552,448
553,448
554,448
555,448
556,448
557,448
558,448
559,448
560,448
561,448
562,448
563,448
564,448
565,448
566,448
567,448
568,448
569,448
570,448
571,448
572,448
573,448
574,448
575,448
576,448
577,448
578,448
579,448
580,448
581,448
582,448
583,448
584,448
585,448
586,448
587,448
588,448
589,448
590,448
591,448
592,448
593,448
594,448
595,448
596,448
597,448
598,448
599,448
600,448
601,448
602,448
603,448
604,448
605,448
606,448
607,448
608,448
609,448
610,448
611,448
612,448
613,448
614,448
615,448
616,448
617,448
618,448
619,448
620,448
621,448
622,448
623,448
624,448
625,448
626,448
627,448
628,448
629,448
449,449
450,449
451,449
452,449
453,449
454,449
455,449
456,449
457,449
458,449
459,449
460,449
461,449
462,449
463,449
464,449
465,449
466,449
467,449
468,449
469,449
470,449
471,449
472,449
473,449
474,449
475,449
476,449
477,449
478,449
479,449
480,449
481,449
482,449
483,449
484,449
485,449
486,449
487,449
488,449
489,449
490,449
491,449
492,449
493,449
494,449
495,449
496,449
497,449
498,449
499,449
500,449
501,449
502,449
503,449
504,449
505,449
506,449
507,449
508,449
509,449
510,449
511,449
512,449
513,449
514,449
515,449
516,449
517,449
518,449
519,449
520,449
521,449
522,449
523,449
524,449
525,449
526,449
527,449
528,449
529,449
530,449
531,449
532,449
533,449
534,449
535,449
536,449
537,449
538,449
539,449
540,449
541,449
542,449
543,449
544,449
545,449
546,449
547,449
548,449
549,449
550,449
551,449
552,449
553,449
554,449
555,449
556,449
557,449
558,449
559,449
560,449
561,449
562,449
563,449
564,449
565,449
566,449
567,449
568,449
569,449
570,449
571,449
572,449
573,449
574,449
575,449
576,449
577,449
578,449
579,449
580,449
581,449
582,449
583,449
584,449
585,449
586,449
587,449
588,449
589,449
590,449
591,449
592,449
593,449
594,449
595,449
596,449
597,449
598,449
599,449
600,449
601,449
602,449
603,449
604,449
605,449
606,449
607,449
608,449
609,449
610,449
611,449
612,449
613,449
614,449
615,449
616,449
617,449
618,449
619,449
620,449
621,449
622,449
623,449
624,449
625,449
626,449
627,449
628,449
629,449
449,450
450,450
451,450
452,450
453,450
454,450
455,450
456,450
457,450
458,450
459,450
460,450
461,450
462,450
463,450
464,450
465,450
466,450
467,450
468,450
469,450
470,450
471,450
472,450
473,450
474,450
475,450
476,450
477,450
478,450
479,450
480,450
481,450
482,450
483,450
484,450
485,450
486,450
487,450
488,450
489,450
490,450
491,450
492,450
493,450
494,450
495,450
496,450
497,450
498,450
499,450
500,450
501,450
502,450
503,450
504,450
505,450
506,450
507,450
508,450
509,450
510,450
511,450
512,450
513,450
514,450
515,450
516,450
517,450
518,450
519,450
520,450
521,450
522,450
523,450
524,450
525,450
526,450
527,450
528,450
529,450
530,450
531,450
532,450
533,450
534,450
535,450
536,450
537,450
538,450
539,450
540,450
541,450
542,450
543,450
544,450
545,450
546,450
547,450
548,450
549,450
550,450
551,450
552,450
553,450
554,450
555,450
556,450
557,450
558,450
559,450
560,450
561,450
562,450
563,450
564,450
565,450
566,450
567,450
568,450
569,450
570,450
571,450
572,450
573,450
574,450
575,450
576,450
577,450
578,450
579,450
580,450
581,450
582,450
583,450
584,450
585,450
586,450
587,450
588,450
589,450
590,450
591,450
592,450
593,450
594,450
595,450
596,450
597,450
598,450
599,450
600,450
601,450
602,450
603,450
604,450
605,450
606,450
607,450
608,450
609,450
610,450
611,450
612,450
613,450
614,450
615,450
616,450
617,450
618,450
619,450
620,450
621,450
622,450
623,450
624,450
625,450
626,450
627,450
628,450
629,450
630,450
448,451
449,451
450,451
451,451
452,451
453,451
454,451
455,451
456,451
457,451
458,451
459,451
460,451
461,451
462,451
463,451
464,451
465,451
466,451
467,451
468,451
469,451
470,451
471,451
472,451
473,451
474,451
475,451
476,451
477,451
478,451
479,451
480,451
481,451
482,451
483,451
484,451
485,451
486,451
487,451
488,451
489,451
490,451
491,451
492,451
493,451
494,451
495,451
496,451
497,451
498,451
499,451
500,451
501,451
502,451
503,451
504,451
505,451
506,451
507,451
508,451
509,451
510,451
511,451
512,451
513,451
514,451
515,451
516,451
517,451
518,451
519,451
520,451
521,451
522,451
523,451
524,451
525,451
526,451
527,451
528,451
529,451
530,451
531,451
532,451
533,451
534,451
535,451
536,451
537,451
538,451
539,451
540,451
541,451
542,451
543,451
544,451
545,451
546,451
547,451
548,451
549,451
550,451
551,451
552,451
553,451
554,451
555,451
556,451
557,451
558,451
559,451
560,451
561,451
562,451
563,451
564,451
565,451
566,451
567,451
568,451
569,451
570,451
571,451
572,451
573,451
574,451
575,451
576,451
577,451
578,451
579,451
580,451
581,451
582,451
583,451
584,451
585,451
586,451
587,451
588,451
589,451
590,451
591,451
592,451
593,451
594,451
595,451
596,451
597,451
598,451
599,451
600,451
601,451
602,451
603,451
604,451
605,451
606,451
607,451
608,451
609,451
610,451
611,451
612,451
613,451
614,451
615,451
616,451
617,451
618,451
619,451
620,451
621,451
622,451
623,451
624,451
625,451
626,451
627,451
628,451
629,451
630,451
448,452
449,452
450,452
451,452
452,452
453,452
454,452
455,452
456,452
457,452
458,452
459,452
460,452
461,452
462,452
463,452
464,452
465,452
466,452
467,452
468,452
469,452
470,452
471,452
472,452
473,452
474,452
475,452
476,452
477,452
478,452
479,452
480,452
481,452
482,452
483,452
484,452
485,452
486,452
487,452
488,452
489,452
490,452
491,452
492,452
493,452
494,452
495,452
496,452
497,452
498,452
499,452
500,452
501,452
502,452
503,452
504,452
505,452
506,452
507,452
508,452
509,452
510,452
511,452
512,452
513,452
514,452
515,452
516,452
517,452
518,452
519,452
520,452
521,452
522,452
523,452
524,452
525,452
526,452
527,452
528,452
529,452
530,452
531,452
532,452
533,452
534,452
535,452
536,452
537,452
538,452
539,452
540,452
541,452
542,452
543,452
544,452
545,452
546,452
547,452
548,452
549,452
550,452
551,452
552,452
553,452
554,452
555,452
556,452
557,452
558,452
559,452
560,452
561,452
562,452
563,452
564,452
565,452
566,452
567,452
568,452
569,452
570,452
571,452
572,452
573,452
574,452
575,452
576,452
577,452
578,452
579,452
580,452
581,452
582,452
583,452
584,452
585,452
586,452
587,452
588,452
589,452
590,452
591,452
592,452
593,452
594,452
595,452
596,452
597,452
598,452
599,452
600,452
601,452
602,452
603,452
604,452
605,452
606,452
607,452
608,452
609,452
610,452
611,452
612,452
613,452
614,452
615,452
616,452
617,452
618,452
619,452
620,452
621,452
622,452
623,452
624,452
625,452
626,452
627,452
628,452
629,452
630,452
631,452
448,453
449,453
450,453
451,453
452,453
453,453
454,453
455,453
456,453
457,453
458,453
459,453
460,453
461,453
462,453
463,453
464,453
465,453
466,453
467,453
468,453
469,453
470,453
471,453
472,453
473,453
474,453
475,453
476,453
477,453
478,453
479,453
480,453
481,453
482,453
483,453
484,453
485,453
486,453
487,453
488,453
489,453
490,453
491,453
492,453
493,453
494,453
495,453
496,453
497,453
498,453
499,453
500,453
501,453
502,453
503,453
504,453
505,453
506,453
507,453
508,453
509,453
510,453
511,453
512,453
513,453
514,453
515,453
516,453
517,453
518,453
519,453
520,453
521,453
522,453
523,453
524,453
525,453
526,453
527,453
528,453
529,453
530,453
531,453
532,453
533,453
534,453
535,453
536,453
537,453
538,453
539,453
540,453
541,453
542,453
543,453
544,453
545,453
546,453
547,453
548,453
549,453
550,453
551,453
552,453
553,453
554,453
555,453
556,453
557,453
558,453
559,453
560,453
561,453
562,453
563,453
564,453
565,453
566,453
567,453
568,453
569,453
570,453
571,453
572,453
573,453
574,453
575,453
576,453
577,453
578,453
579,453
580,453
581,453
582,453
583,453
584,453
585,453
586,453
587,453
588,453
589,453
590,453
591,453
592,453
593,453
594,453
595,453
596,453
597,453
598,453
599,453
600,453
601,453
602,453
603,453
604,453
605,453
606,453
607,453
608,453
609,453
610,453
611,453
612,453
613,453
614,453
615,453
616,453
617,453
618,453
619,453
620,453
621,453
622,453
623,453
624,453
625,453
626,453
627,453
628,453
629,453
630,453
631,453
447,454
448,454
449,454
450,454
451,454
452,454
453,454
454,454
455,454
456,454
457,454
458,454
459,454
460,454
461,454
462,454
463,454
464,454
465,454
466,454
467,454
468,454
469,454
470,454
471,454
472,454
473,454
474,454
475,454
476,454
477,454
478,454
479,454
480,454
481,454
482,454
483,454
484,454
485,454
486,454
487,454
488,454
489,454
490,454
491,454
492,454
493,454
494,454
495,454
496,454
497,454
498,454
499,454
500,454
501,454
502,454
503,454
504,454
505,454
506,454
507,454
508,454
509,454
510,454
511,454
512,454
513,454
514,454
515,454
516,454
517,454
518,454
519,454
520,454
521,454
522,454
523,454
524,454
525,454
526,454
527,454
528,454
529,454
530,454
531,454
532,454
533,454
534,454
535,454
536,454
537,454
538,454
539,454
540,454
541,454
542,454
543,454
544,454
545,454
546,454
547,454
548,454
549,454
550,454
551,454
552,454
553,454
554,454
555,454
556,454
557,454
558,454
559,454
560,454
561,454
562,454
563,454
564,454
565,454
566,454
567,454
568,454
569,454
570,454
571,454
572,454
573,454
574,454
575,454
576,454
577,454
578,454
579,454
580,454
581,454
582,454
583,454
584,454
585,454
586,454
587,454
588,454
589,454
590,454
591,454
592,454
593,454
594,454
595,454
596,454
597,454
598,454
599,454
600,454
601,454
602,454
603,454
604,454
605,454
606,454
607,454
608,454
609,454
610,454
611,454
612,454
613,454
614,454
615,454
616,454
617,454
618,454
619,454
620,454
621,454
622,454
623,454
624,454
625,454
626,454
627,454
628,454
629,454
630,454
631,454
632,454
447,455
448,455
449,455
450,455
451,455
452,455
453,455
454,455
455,455
456,455
457,455
458,455
459,455
460,455
461,455
462,455
463,455
464,455
465,455
466,455
467,455
468,455
469,455
470,455
471,455
472,455
473,455
474,455
475,455
476,455
477,455
478,455
479,455
480,455
481,455
482,455
483,455
484,455
485,455
486,455
487,455
488,455
489,455
490,455
491,455
492,455
493,455
494,455
495,455
496,455
497,455
498,455
499,455
500,455
501,455
502,455
503,455
504,455
505,455
506,455
507,455
508,455
509,455
510,455
511,455
512,455
513,455
514,455
515,455
516,455
517,455
518,455
519,455
520,455
521,455
522,455
523,455
524,455
525,455
526,455
527,455
528,455
529,455
530,455
531,455
532,455
533,455
534,455
535,455
536,455
537,455
538,455
539,455
540,455
541,455
542,455
543,455
544,455
545,455
546,455
547,455
548,455
549,455
550,455
551,455
552,455
553,455
554,455
555,455
556,455
557,455
558,455
559,455
560,455
561,455
562,455
563,455
564,455
565,455
566,455
567,455
568,455
569,455
570,455
571,455
572,455
573,455
574,455
575,455
576,455
577,455
578,455
579,455
580,455
581,455
582,455
583,455
584,455
585,455
586,455
587,455
588,455
589,455
590,455
591,455
592,455
593,455
594,455
595,455
596,455
597,455
598,455
599,455
600,455
601,455
602,455
603,455
604,455
605,455
606,455
607,455
608,455
609,455
610,455
611,455
612,455
613,455
614,455
615,455
616,455
617,455
618,455
619,455
620,455
621,455
622,455
623,455
624,455
625,455
626,455
627,455
628,455
629,455
630,455
631,455
632,455
447,456
448,456
449,456
450,456
451,456
452,456
453,456
454,456
455,456
456,456
457,456
458,456
459,456
460,456
461,456
462,456
463,456
464,456
465,456
466,456
467,456
468,456
469,456
470,456
471,456
472,456
473,456
474,456
475,456
476,456
477,456
478,456
479,456
480,456
481,456
482,456
483,456
484,456
485,456
486,456
487,456
488,456
489,456
490,456
491,456
492,456
493,456
494,456
495,456
496,456
497,456
498,456
499,456
500,456
501,456
502,456
503,456
504,456
505,456
506,456
507,456
508,456
509,456
510,456
511,456
512,456
513,456
514,456
515,456
516,456
517,456
518,456
519,456
520,456
521,456
522,456
523,456
524,456
525,456
526,456
527,456
528,456
529,456
530,456
531,456
532,456
533,456
534,456
535,456
536,456
537,456
538,456
539,456
540,456
541,456
542,456
543,456
544,456
545,456
546,456
547,456
548,456
549,456
550,456
551,456
552,456
553,456
554,456
555,456
556,456
557,456
558,456
559,456
560,456
561,456
562,456
563,456
564,456
565,456
566,456
567,456
568,456
569,456
570,456
571,456
572,456
573,456
574,456
575,456
576,456
577,456
578,456
579,456
580,456
581,456
582,456
583,456
584,456
585,456
586,456
587,456
588,456
589,456
590,456
591,456
592,456
593,456
594,456
595,456
596,456
597,456
598,456
599,456
600,456
601,456
602,456
603,456
604,456
605,456
606,456
607,456
608,456
609,456
610,456
611,456
612,456
613,456
614,456
615,456
616,456
617,456
618,456
619,456
620,456
621,456
622,456
623,456
624,456
625,456
626,456
627,456
628,456
629,456
630,456
631,456
632,456
447,457
448,457
449,457
450,457
451,457
452,457
453,457
454,457
455,457
456,457
457,457
458,457
459,457
460,457
461,457
462,457
463,457
464,457
465,457
466,457
467,457
468,457
469,457
470,457
471,457
472,457
473,457
474,457
475,457
476,457
477,457
478,457
479,457
480,457
481,457
482,457
483,457
484,457
485,457
486,457
487,457
488,457
489,457
490,457
491,457
492,457
493,457
494,457
495,457
496,457
497,457
498,457
499,457
500,457
501,457
502,457
503,457
504,457
505,457
506,457
507,457
508,457
509,457
510,457
511,457
512,457
513,457
514,457
515,457
516,457
517,457
518,457
519,457
520,457
521,457
522,457
523,457
524,457
525,457
526,457
527,457
528,457
529,457
530,457
531,457
532,457
533,457
534,457
535,457
536,457
537,457
538,457
539,457
540,457
541,457
542,457
543,457
544,457
545,457
546,457
547,457
548,457
549,457
550,457
551,457
552,457
553,457
554,457
555,457
556,457
557,457
558,457
559,457
560,457
561,457
562,457
563,457
564,457
565,457
566,457
567,457
568,457
569,457
570,457
571,457
572,457
573,457
574,457
575,457
576,457
577,457
578,457
579,457
580,457
581,457
582,457
583,457
584,457
585,457
586,457
587,457
588,457
589,457
590,457
591,457
592,457
593,457
594,457
595,457
596,457
597,457
598,457
599,457
600,457
601,457
602,457
603,457
604,457
605,457
606,457
607,457
608,457
609,457
610,457
611,457
612,457
613,457
614,457
615,457
616,457
617,457
618,457
619,457
620,457
621,457
622,457
623,457
624,457
625,457
626,457
627,457
628,457
629,457
630,457
631,457
632,457
446,458
447,458
448,458
449,458
450,458
451,458
452,458
453,458
454,458
455,458
456,458
457,458
458,458
459,458
460,458
461,458
462,458
463,458
464,458
465,458
466,458
467,458
468,458
469,458
470,458
471,458
472,458
473,458
474,458
475,458
476,458
477,458
478,458
479,458
480,458
481,458
482,458
483,458
484,458
485,458
486,458
487,458
488,458
489,458
490,458
491,458
492,458
493,458
494,458
495,458
496,458
497,458
498,458
499,458
500,458
501,458
502,458
503,458
504,458
505,458
506,458
507,458
508,458
509,458
510,458
511,458
512,458
513,458
514,458
515,458
516,458
517,458
518,458
519,458
520,458
521,458
522,458
523,458
524,458
525,458
526,458
527,458
528,458
529,458
530,458
531,458
532,458
533,458
534,458
535,458
536,458
537,458
538,458
539,458
540,458
541,458
542,458
543,458
544,458
545,458
546,458
547,458
548,458
549,458
550,458
551,458
552,458
553,458
554,458
555,458
556,458
557,458
558,458
559,458
560,458
561,458
562,458
563,458
564,458
565,458
566,458
567,458
568,458
569,458
570,458
571,458
572,458
573,458
574,458
575,458
576,458
577,458
578,458
579,458
580,458
581,458
582,458
583,458
584,458
585,458
586,458
587,458
588,458
589,458
590,458
591,458
592,458
593,458
594,458
595,458
596,458
597,458
598,458
599,458
600,458
601,458
602,458
603,458
604,458
605,458
606,458
607,458
608,458
609,458
610,458
611,458
612,458
613,458
614,458
615,458
616,458
617,458
618,458
619,458
620,458
621,458
622,458
623,458
624,458
625,458
626,458
627,458
628,458
629,458
630,458
631,458
632,458
446,459
447,459
448,459
449,459
450,459
451,459
452,459
453,459
454,459
455,459
456,459
457,459
458,459
459,459
460,459
461,459
462,459
463,459
464,459
465,459
466,459
467,459
468,459
469,459
470,459
471,459
472,459
473,459
474,459
475,459
476,459
477,459
478,459
479,459
480,459
481,459
482,459
483,459
484,459
485,459
486,459
487,459
488,459
489,459
490,459
491,459
492,459
493,459
494,459
495,459
496,459
497,459
498,459
499,459
500,459
501,459
502,459
503,459
504,459
505,459
506,459
507,459
508,459
509,459
510,459
511,459
512,459
513,459
514,459
515,459
516,459
517,459
518,459
519,459
520,459
521,459
522,459
523,459
524,459
525,459
526,459
527,459
528,459
529,459
530,459
531,459
532,459
533,459
534,459
535,459
536,459
537,459
538,459
539,459
540,459
541,459
542,459
543,459
544,459
545,459
546,459
547,459
548,459
549,459
550,459
551,459
552,459
553,459
554,459
555,459
556,459
557,459
558,459
559,459
560,459
561,459
562,459
563,459
564,459
565,459
566,459
567,459
568,459
569,459
570,459
571,459
572,459
573,459
574,459
575,459
576,459
577,459
578,459
579,459
580,459
581,459
582,459
583,459
584,459
585,459
586,459
587,459
588,459
589,459
590,459
591,459
592,459
593,459
594,459
595,459
596,459
597,459
598,459
599,459
600,459
601,459
602,459
603,459
604,459
605,459
606,459
607,459
608,459
609,459
610,459
611,459
612,459
613,459
614,459
615,459
616,459
617,459
618,459
619,459
620,459
621,459
622,459
623,459
624,459
625,459
626,459
627,459
628,459
629,459
630,459
631,459
632,459
446,460
447,460
448,460
449,460
450,460
451,460
452,460
453,460
454,460
455,460
456,460
457,460
458,460
459,460
460,460
461,460
462,460
463,460
464,460
465,460
466,460
467,460
468,460
469,460
470,460
471,460
472,460
473,460
474,460
475,460
476,460
477,460
478,460
479,460
480,460
481,460
482,460
483,460
484,460
485,460
486,460
487,460
488,460
489,460
490,460
491,460
492,460
493,460
494,460
495,460
496,460
497,460
498,460
499,460
500,460
501,460
502,460
503,460
504,460
505,460
506,460
507,460
508,460
509,460
510,460
511,460
512,460
513,460
514,460
515,460
516,460
517,460
518,460
519,460
520,460
521,460
522,460
523,460
524,460
525,460
526,460
527,460
528,460
529,460
530,460
531,460
532,460
533,460
534,460
535,460
536,460
537,460
538,460
539,460
540,460
541,460
542,460
543,460
544,460
545,460
546,460
547,460
548,460
549,460
550,460
551,460
552,460
553,460
554,460
555,460
556,460
557,460
558,460
559,460
560,460
561,460
562,460
563,460
564,460
565,460
566,460
567,460
568,460
569,460
570,460
571,460
572,460
573,460
574,460
575,460
576,460
577,460
578,460
579,460
580,460
581,460
582,460
583,460
584,460
585,460
586,460
587,460
588,460
589,460
590,460
591,460
592,460
593,460
594,460
595,460
596,460
597,460
598,460
599,460
600,460
601,460
602,460
603,460
604,460
605,460
606,460
607,460
608,460
609,460
610,460
611,460
612,460
613,460
614,460
615,460
616,460
617,460
618,460
619,460
620,460
621,460
622,460
623,460
624,460
625,460
626,460
627,460
628,460
629,460
630,460
631,460
632,460
445,461
446,461
447,461
448,461
449,461
450,461
451,461
452,461
453,461
454,461
455,461
456,461
457,461
458,461
459,461
460,461
461,461
462,461
463,461
464,461
465,461
466,461
467,461
468,461
469,461
470,461
471,461
472,461
473,461
474,461
475,461
476,461
477,461
478,461
479,461
480,461
481,461
482,461
483,461
484,461
485,461
486,461
487,461
488,461
489,461
490,461
491,461
492,461
493,461
494,461
495,461
496,461
497,461
498,461
499,461
500,461
501,461
502,461
503,461
504,461
505,461
506,461
507,461
508,461
509,461
510,461
511,461
512,461
513,461
514,461
515,461
516,461
517,461
518,461
519,461
520,461
521,461
522,461
523,461
524,461
525,461
526,461
527,461
528,461
529,461
530,461
531,461
532,461
533,461
534,461
535,461
536,461
537,461
538,461
539,461
540,461
541,461
542,461
543,461
544,461
545,461
546,461
547,461
548,461
549,461
550,461
551,461
552,461
553,461
554,461
555,461
556,461
557,461
558,461
559,461
560,461
561,461
562,461
563,461
564,461
565,461
566,461
567,461
568,461
569,461
570,461
571,461
572,461
573,461
574,461
575,461
576,461
577,461
578,461
579,461
580,461
581,461
582,461
583,461
584,461
585,461
586,461
587,461
588,461
589,461
590,461
591,461
592,461
593,461
594,461
595,461
596,461
597,461
598,461
599,461
600,461
601,461
602,461
603,461
604,461
605,461
606,461
607,461
608,461
609,461
610,461
611,461
612,461
613,461
614,461
615,461
616,461
617,461
618,461
619,461
620,461
621,461
622,461
623,461
624,461
625,461
626,461
627,461
628,461
629,461
630,461
631,461
632,461
445,462
446,462
447,462
448,462
449,462
450,462
451,462
452,462
453,462
454,462
455,462
456,462
457,462
458,462
459,462
460,462
461,462
462,462
463,462
464,462
465,462
466,462
467,462
468,462
469,462
470,462
471,462
472,462
473,462
474,462
475,462
476,462
477,462
478,462
479,462
480,462
481,462
482,462
483,462
484,462
485,462
486,462
487,462
488,462
489,462
490,462
491,462
492,462
493,462
494,462
495,462
496,462
497,462
498,462
499,462
500,462
501,462
502,462
503,462
504,462
505,462
506,462
507,462
508,462
509,462
510,462
511,462
512,462
513,462
514,462
515,462
516,462
517,462
518,462
519,462
520,462
521,462
522,462
523,462
524,462
525,462
526,462
527,462
528,462
529,462
530,462
531,462
532,462
533,462
534,462
535,462
536,462
537,462
538,462
539,462
540,462
541,462
542,462
543,462
544,462
545,462
546,462
547,462
548,462
549,462
550,462
551,462
552,462
553,462
554,462
555,462
556,462
557,462
558,462
559,462
560,462
561,462
562,462
563,462
564,462
565,462
566,462
567,462
568,462
569,462
570,462
571,462
572,462
573,462
574,462
575,462
576,462
577,462
578,462
579,462
580,462
581,462
582,462
583,462
584,462
585,462
586,462
587,462
588,462
589,462
590,462
591,462
592,462
593,462
594,462
595,462
596,462
597,462
598,462
599,462
600,462
601,462
602,462
603,462
604,462
605,462
606,462
607,462
608,462
609,462
610,462
611,462
612,462
613,462
614,462
615,462
616,462
617,462
618,462
619,462
620,462
621,462
622,462
623,462
624,462
625,462
626,462
627,462
628,462
629,462
630,462
631,462
632,462
445,463
446,463
447,463
448,463
449,463
450,463
451,463
452,463
453,463
454,463
455,463
456,463
457,463
458,463
459,463
460,463
461,463
462,463
463,463
464,463
465,463
466,463
467,463
468,463
469,463
470,463
471,463
472,463
473,463
474,463
475,463
476,463
477,463
478,463
479,463
480,463
481,463
482,463
483,463
484,463
485,463
486,463
487,463
488,463
489,463
490,463
491,463
492,463
493,463
494,463
495,463
496,463
497,463
498,463
499,463
500,463
501,463
502,463
503,463
504,463
505,463
506,463
507,463
508,463
509,463
510,463
511,463
512,463
513,463
514,463
515,463
516,463
517,463
518,463
519,463
520,463
521,463
522,463
523,463
524,463
525,463
526,463
527,463
528,463
529,463
530,463
531,463
532,463
533,463
534,463
535,463
536,463
537,463
538,463
539,463
540,463
541,463
542,463
543,463
544,463
545,463
546,463
547,463
548,463
549,463
550,463
551,463
552,463
553,463
554,463
555,463
556,463
557,463
558,463
559,463
560,463
561,463
562,463
563,463
564,463
565,463
566,463
567,463
568,463
569,463
570,463
571,463
572,463
573,463
574,463
575,463
576,463
577,463
578,463
579,463
580,463
581,463
582,463
583,463
584,463
585,463
586,463
587,463
588,463
589,463
590,463
591,463
592,463
593,463
594,463
595,463
596,463
597,463
598,463
599,463
600,463
601,463
602,463
603,463
604,463
605,463
606,463
607,463
608,463
609,463
610,463
611,463
612,463
613,463
614,463
615,463
616,463
617,463
618,463
619,463
620,463
621,463
622,463
623,463
624,463
625,463
626,463
627,463
628,463
629,463
630,463
631,463
632,463
445,464
446,464
447,464
448,464
449,464
450,464
451,464
452,464
453,464
454,464
455,464
456,464
457,464
458,464
459,464
460,464
461,464
462,464
463,464
464,464
465,464
466,464
467,464
468,464
469,464
470,464
471,464
472,464
473,464
474,464
475,464
476,464
477,464
478,464
479,464
480,464
481,464
482,464
483,464
484,464
485,464
486,464
487,464
488,464
489,464
490,464
491,464
492,464
493,464
494,464
495,464
496,464
497,464
498,464
499,464
500,464
501,464
502,464
503,464
504,464
505,464
506,464
507,464
508,464
509,464
510,464
511,464
512,464
513,464
514,464
515,464
516,464
517,464
518,464
519,464
520,464
521,464
522,464
523,464
524,464
525,464
526,464
527,464
528,464
529,464
530,464
531,464
532,464
533,464
534,464
535,464
536,464
537,464
538,464
539,464
540,464
541,464
542,464
543,464
544,464
545,464
546,464
547,464
548,464
549,464
550,464
551,464
552,464
553,464
554,464
555,464
556,464
557,464
558,464
559,464
560,464
561,464
562,464
563,464
564,464
565,464
566,464
567,464
568,464
569,464
570,464
571,464
572,464
573,464
574,464
575,464
576,464
577,464
578,464
579,464
580,464
581,464
582,464
583,464
584,464
585,464
586,464
587,464
588,464
589,464
590,464
591,464
592,464
593,464
594,464
595,464
596,464
597,464
598,464
599,464
600,464
601,464
602,464
603,464
604,464
605,464
606,464
607,464
608,464
609,464
610,464
611,464
612,464
613,464
614,464
615,464
616,464
617,464
618,464
619,464
620,464
621,464
622,464
623,464
624,464
625,464
626,464
627,464
628,464
629,464
630,464
631,464
632,464
444,465
445,465
446,465
447,465
448,465
449,465
450,465
451,465
452,465
453,465
454,465
455,465
456,465
457,465
458,465
459,465
460,465
461,465
462,465
463,465
464,465
465,465
466,465
467,465
468,465
469,465
470,465
471,465
472,465
473,465
474,465
475,465
476,465
477,465
478,465
479,465
480,465
481,465
482,465
483,465
484,465
485,465
486,465
487,465
488,465
489,465
490,465
491,465
492,465
493,465
494,465
495,465
496,465
497,465
498,465
499,465
500,465
501,465
502,465
503,465
504,465
505,465
506,465
507,465
508,465
509,465
510,465
511,465
512,465
513,465
514,465
515,465
516,465
517,465
518,465
519,465
520,465
521,465
522,465
523,465
524,465
525,465
526,465
527,465
528,465
529,465
530,465
531,465
532,465
533,465
534,465
535,465
536,465
537,465
538,465
539,465
540,465
541,465
542,465
543,465
544,465
545,465
546,465
547,465
548,465
549,465
550,465
551,465
552,465
553,465
554,465
555,465
556,465
557,465
558,465
559,465
560,465
561,465
562,465
563,465
564,465
565,465
566,465
567,465
568,465
569,465
570,465
571,465
572,465
573,465
574,465
575,465
576,465
577,465
578,465
579,465
580,465
581,465
582,465
583,465
584,465
585,465
586,465
587,465
588,465
589,465
590,465
591,465
592,465
593,465
594,465
595,465
596,465
597,465
598,465
599,465
600,465
601,465
602,465
603,465
604,465
605,465
606,465
607,465
608,465
609,465
610,465
611,465
612,465
613,465
614,465
615,465
616,465
617,465
618,465
619,465
620,465
621,465
622,465
623,465
624,465
625,465
626,465
627,465
628,465
629,465
630,465
631,465
632,465
444,466
445,466
446,466
447,466
448,466
449,466
450,466
451,466
452,466
453,466
454,466
455,466
456,466
457,466
458,466
459,466
460,466
461,466
462,466
463,466
464,466
465,466
466,466
467,466
468,466
469,466
470,466
471,466
472,466
473,466
474,466
475,466
476,466
477,466
478,466
479,466
480,466
481,466
482,466
483,466
484,466
485,466
486,466
487,466
488,466
489,466
490,466
491,466
492,466
493,466
494,466
495,466
496,466
497,466
498,466
499,466
500,466
501,466
502,466
503,466
504,466
505,466
506,466
507,466
508,466
509,466
510,466
511,466
512,466
513,466
514,466
515,466
516,466
517,466
518,466
519,466
520,466
521,466
522,466
523,466
524,466
525,466
526,466
527,466
528,466
529,466
530,466
531,466
532,466
533,466
534,466
535,466
536,466
537,466
538,466
539,466
540,466
541,466
542,466
543,466
544,466
545,466
546,466
547,466
548,466
549,466
550,466
551,466
552,466
553,466
554,466
555,466
556,466
557,466
558,466
559,466
560,466
561,466
562,466
563,466
564,466
565,466
566,466
567,466
568,466
569,466
570,466
571,466
572,466
573,466
574,466
575,466
576,466
577,466
578,466
579,466
580,466
581,466
582,466
583,466
584,466
585,466
586,466
587,466
588,466
589,466
590,466
591,466
592,466
593,466
594,466
595,466
596,466
597,466
598,466
599,466
600,466
601,466
602,466
603,466
604,466
605,466
606,466
607,466
608,466
609,466
610,466
611,466
612,466
613,466
614,466
615,466
616,466
617,466
618,466
619,466
620,466
621,466
622,466
623,466
624,466
625,466
626,466
627,466
628,466
629,466
630,466
631,466
632,466
444,467
445,467
446,467
447,467
448,467
449,467
450,467
451,467
452,467
453,467
454,467
455,467
456,467
457,467
458,467
459,467
460,467
461,467
462,467
463,467
464,467
465,467
466,467
467,467
468,467
469,467
470,467
471,467
472,467
473,467
474,467
475,467
476,467
477,467
478,467
479,467
480,467
481,467
482,467
483,467
484,467
485,467
486,467
487,467
488,467
489,467
490,467
491,467
492,467
493,467
494,467
495,467
496,467
497,467
498,467
499,467
500,467
501,467
502,467
503,467
504,467
505,467
506,467
507,467
508,467
509,467
510,467
511,467
512,467
513,467
514,467
515,467
516,467
517,467
518,467
519,467
520,467
521,467
522,467
523,467
524,467
525,467
526,467
527,467
528,467
529,467
530,467
531,467
532,467
533,467
534,467
535,467
536,467
537,467
538,467
539,467
540,467
541,467
542,467
543,467
544,467
545,467
546,467
547,467
548,467
549,467
550,467
551,467
552,467
553,467
554,467
555,467
556,467
557,467
558,467
559,467
560,467
561,467
562,467
563,467
564,467
565,467
566,467
567,467
568,467
569,467
570,467
571,467
572,467
573,467
574,467
575,467
576,467
577,467
578,467
579,467
580,467
581,467
582,467
583,467
584,467
585,467
586,467
587,467
588,467
589,467
590,467
591,467
592,467
593,467
594,467
595,467
596,467
597,467
598,467
599,467
600,467
601,467
602,467
603,467
604,467
605,467
606,467
607,467
608,467
609,467
610,467
611,467
612,467
613,467
614,467
615,467
616,467
617,467
618,467
619,467
620,467
621,467
622,467
623,467
624,467
625,467
626,467
627,467
628,467
629,467
630,467
631,467
632,467
443,468
444,468
445,468
446,468
447,468
448,468
449,468
450,468
451,468
452,468
453,468
454,468
455,468
456,468
457,468
458,468
459,468
460,468
461,468
462,468
463,468
464,468
465,468
466,468
467,468
468,468
469,468
470,468
471,468
472,468
473,468
474,468
475,468
476,468
477,468
478,468
479,468
480,468
481,468
482,468
483,468
484,468
485,468
486,468
487,468
488,468
489,468
490,468
491,468
492,468
493,468
494,468
495,468
496,468
497,468
498,468
499,468
500,468
501,468
502,468
503,468
504,468
505,468
506,468
507,468
508,468
509,468
510,468
511,468
512,468
513,468
514,468
515,468
516,468
517,468
518,468
519,468
520,468
521,468
522,468
523,468
524,468
525,468
526,468
527,468
528,468
529,468
530,468
531,468
532,468
533,468
534,468
535,468
536,468
537,468
538,468
539,468
540,468
541,468
542,468
543,468
544,468
545,468
546,468
547,468
548,468
549,468
550,468
551,468
552,468
553,468
554,468
555,468
556,468
557,468
558,468
559,468
560,468
561,468
562,468
563,468
564,468
565,468
566,468
567,468
568,468
569,468
570,468
571,468
572,468
573,468
574,468
575,468
576,468
577,468
578,468
579,468
580,468
581,468
582,468
583,468
584,468
585,468
586,468
587,468
588,468
589,468
590,468
591,468
592,468
593,468
594,468
595,468
596,468
597,468
598,468
599,468
600,468
601,468
602,468
603,468
604,468
605,468
606,468
607,468
608,468
609,468
610,468
611,468
612,468
613,468
614,468
615,468
616,468
617,468
618,468
619,468
620,468
621,468
622,468
623,468
624,468
625,468
626,468
627,468
628,468
629,468
630,468
631,468
632,468
443,469
444,469
445,469
446,469
447,469
448,469
449,469
450,469
451,469
452,469
453,469
454,469
455,469
456,469
457,469
458,469
459,469
460,469
461,469
462,469
463,469
464,469
465,469
466,469
467,469
468,469
469,469
470,469
471,469
472,469
473,469
474,469
475,469
476,469
477,469
478,469
479,469
480,469
481,469
482,469
483,469
484,469
485,469
486,469
487,469
488,469
489,469
490,469
491,469
492,469
493,469
494,469
495,469
496,469
497,469
498,469
499,469
500,469
501,469
502,469
503,469
504,469
505,469
506,469
507,469
508,469
509,469
510,469
511,469
512,469
513,469
514,469
515,469
516,469
517,469
518,469
519,469
520,469
521,469
522,469
523,469
524,469
525,469
526,469
527,469
528,469
529,469
530,469
531,469
532,469
533,469
534,469
535,469
536,469
537,469
538,469
539,469
540,469
541,469
542,469
543,469
544,469
545,469
546,469
547,469
548,469
549,469
550,469
551,469
552,469
553,469
554,469
555,469
556,469
557,469
558,469
559,469
560,469
561,469
562,469
563,469
564,469
565,469
566,469
567,469
568,469
569,469
570,469
571,469
572,469
573,469
574,469
575,469
576,469
577,469
578,469
579,469
580,469
581,469
582,469
583,469
584,469
585,469
586,469
587,469
588,469
589,469
590,469
591,469
592,469
593,469
594,469
595,469
596,469
597,469
598,469
599,469
600,469
601,469
602,469
603,469
604,469
605,469
606,469
607,469
608,469
609,469
610,469
611,469
612,469
613,469
614,469
615,469
616,469
617,469
618,469
619,469
620,469
621,469
622,469
623,469
624,469
625,469
626,469
627,469
628,469
629,469
630,469
631,469
632,469
443,470
444,470
445,470
446,470
447,470
448,470
449,470
450,470
451,470
452,470
453,470
454,470
455,470
456,470
457,470
458,470
459,470
460,470
461,470
462,470
463,470
464,470
465,470
466,470
467,470
468,470
469,470
470,470
471,470
472,470
473,470
474,470
475,470
476,470
477,470
478,470
479,470
480,470
481,470
482,470
483,470
484,470
485,470
486,470
487,470
488,470
489,470
490,470
491,470
492,470
493,470
494,470
495,470
496,470
497,470
498,470
499,470
500,470
501,470
502,470
503,470
504,470
505,470
506,470
507,470
508,470
509,470
510,470
511,470
512,470
513,470
514,470
515,470
516,470
517,470
518,470
519,470
520,470
521,470
522,470
523,470
524,470
525,470
526,470
527,470
528,470
529,470
530,470
531,470
532,470
533,470
534,470
535,470
536,470
537,470
538,470
539,470
540,470
541,470
542,470
543,470
544,470
545,470
546,470
547,470
548,470
549,470
550,470
551,470
552,470
553,470
554,470
555,470
556,470
557,470
558,470
559,470
560,470
561,470
562,470
563,470
564,470
565,470
566,470
567,470
568,470
569,470
570,470
571,470
572,470
573,470
574,470
575,470
576,470
577,470
578,470
579,470
580,470
581,470
582,470
583,470
584,470
585,470
586,470
587,470
588,470
589,470
590,470
591,470
592,470
593,470
594,470
595,470
596,470
597,470
598,470
599,470
600,470
601,470
602,470
603,470
604,470
605,470
606,470
607,470
608,470
609,470
610,470
611,470
612,470
613,470
614,470
615,470
616,470
617,470
618,470
619,470
620,470
621,470
622,470
623,470
624,470
625,470
626,470
627,470
628,470
629,470
630,470
631,470
632,470
442,471
443,471
444,471
445,471
446,471
447,471
448,471
449,471
450,471
451,471
452,471
453,471
454,471
455,471
456,471
457,471
458,471
459,471
460,471
461,471
462,471
463,471
464,471
465,471
466,471
467,471
468,471
469,471
470,471
471,471
472,471
473,471
474,471
475,471
476,471
477,471
478,471
479,471
480,471
481,471
482,471
483,471
484,471
485,471
486,471
487,471
488,471
489,471
490,471
491,471
492,471
493,471
494,471
495,471
496,471
497,471
498,471
499,471
500,471
501,471
502,471
503,471
504,471
505,471
506,471
507,471
508,471
509,471
510,471
511,471
512,471
513,471
514,471
515,471
516,471
517,471
518,471
519,471
520,471
521,471
522,471
523,471
524,471
525,471
526,471
527,471
528,471
529,471
530,471
531,471
532,471
533,471
534,471
535,471
536,471
537,471
538,471
539,471
540,471
541,471
542,471
543,471
544,471
545,471
546,471
547,471
548,471
549,471
550,471
551,471
552,471
553,471
554,471
555,471
556,471
557,471
558,471
559,471
560,471
561,471
562,471
563,471
564,471
565,471
566,471
567,471
568,471
569,471
570,471
571,471
572,471
573,471
574,471
575,471
576,471
577,471
578,471
579,471
580,471
581,471
582,471
583,471
584,471
585,471
586,471
587,471
588,471
589,471
590,471
591,471
592,471
593,471
594,471
595,471
596,471
597,471
598,471
599,471
600,471
601,471
602,471
603,471
604,471
605,471
606,471
607,471
608,471
609,471
610,471
611,471
612,471
613,471
614,471
615,471
616,471
617,471
618,471
619,471
620,471
621,471
622,471
623,471
624,471
625,471
626,471
627,471
628,471
629,471
630,471
631,471
632,471
442,472
443,472
444,472
445,472
446,472
447,472
448,472
449,472
450,472
451,472
452,472
453,472
454,472
455,472
456,472
457,472
458,472
459,472
460,472
461,472
462,472
463,472
464,472
465,472
466,472
467,472
468,472
469,472
470,472
471,472
472,472
473,472
474,472
475,472
476,472
477,472
478,472
479,472
480,472
481,472
482,472
483,472
484,472
485,472
486,472
487,472
488,472
489,472
490,472
491,472
492,472
493,472
494,472
495,472
496,472
497,472
498,472
499,472
500,472
501,472
502,472
503,472
504,472
505,472
506,472
507,472
508,472
509,472
510,472
511,472
512,472
513,472
514,472
515,472
516,472
517,472
518,472
519,472
520,472
521,472
522,472
523,472
524,472
525,472
526,472
527,472
528,472
529,472
530,472
531,472
532,472
533,472
534,472
535,472
536,472
537,472
538,472
539,472
540,472
541,472
542,472
543,472
544,472
545,472
546,472
547,472
548,472
549,472
550,472
551,472
552,472
553,472
554,472
555,472
556,472
557,472
558,472
559,472
560,472
561,472
562,472
563,472
564,472
565,472
566,472
567,472
568,472
569,472
570,472
571,472
572,472
573,472
574,472
575,472
576,472
577,472
578,472
579,472
580,472
581,472
582,472
583,472
584,472
585,472
586,472
587,472
588,472
589,472
590,472
591,472
592,472
593,472
594,472
595,472
596,472
597,472
598,472
599,472
600,472
601,472
602,472
603,472
604,472
605,472
606,472
607,472
608,472
609,472
610,472
611,472
612,472
613,472
614,472
615,472
616,472
617,472
618,472
619,472
620,472
621,472
622,472
623,472
624,472
625,472
626,472
627,472
628,472
629,472
630,472
631,472
632,472
442,473
443,473
444,473
445,473
446,473
447,473
448,473
449,473
450,473
451,473
452,473
453,473
454,473
455,473
456,473
457,473
458,473
459,473
460,473
461,473
462,473
463,473
464,473
465,473
466,473
467,473
468,473
469,473
470,473
471,473
472,473
473,473
474,473
475,473
476,473
477,473
478,473
479,473
480,473
481,473
482,473
483,473
484,473
485,473
486,473
487,473
488,473
489,473
490,473
491,473
492,473
493,473
494,473
495,473
496,473
497,473
498,473
499,473
500,473
501,473
502,473
503,473
504,473
505,473
506,473
507,473
508,473
509,473
510,473
511,473
512,473
513,473
514,473
515,473
516,473
517,473
518,473
519,473
520,473
521,473
522,473
523,473
524,473
525,473
526,473
527,473
528,473
529,473
530,473
531,473
532,473
533,473
534,473
535,473
536,473
537,473
538,473
539,473
540,473
541,473
542,473
543,473
544,473
545,473
546,473
547,473
548,473
549,473
550,473
551,473
552,473
553,473
554,473
555,473
556,473
557,473
558,473
559,473
560,473
561,473
562,473
563,473
564,473
565,473
566,473
567,473
568,473
569,473
570,473
571,473
572,473
573,473
574,473
575,473
576,473
577,473
578,473
579,473
580,473
581,473
582,473
583,473
584,473
585,473
586,473
587,473
588,473
589,473
590,473
591,473
592,473
593,473
594,473
595,473
596,473
597,473
598,473
599,473
600,473
601,473
602,473
603,473
604,473
605,473
606,473
607,473
608,473
609,473
610,473
611,473
612,473
613,473
614,473
615,473
616,473
617,473
618,473
619,473
620,473
621,473
622,473
623,473
624,473
625,473
626,473
627,473
628,473
629,473
630,473
631,473
632,473
442,474
443,474
444,474
445,474
446,474
447,474
448,474
449,474
450,474
451,474
452,474
453,474
454,474
455,474
456,474
457,474
458,474
459,474
460,474
461,474
462,474
463,474
464,474
465,474
466,474
467,474
468,474
469,474
470,474
471,474
472,474
473,474
474,474
475,474
476,474
477,474
478,474
479,474
480,474
481,474
482,474
483,474
484,474
485,474
486,474
487,474
488,474
489,474
490,474
491,474
492,474
493,474
494,474
495,474
496,474
497,474
498,474
499,474
500,474
501,474
502,474
503,474
504,474
505,474
506,474
507,474
508,474
509,474
510,474
511,474
512,474
513,474
514,474
515,474
516,474
517,474
518,474
519,474
520,474
521,474
522,474
523,474
524,474
525,474
526,474
527,474
528,474
529,474
530,474
531,474
532,474
533,474
534,474
535,474
536,474
537,474
538,474
539,474
540,474
541,474
542,474
543,474
544,474
545,474
546,474
547,474
548,474
549,474
550,474
551,474
552,474
553,474
554,474
555,474
556,474
557,474
558,474
559,474
560,474
561,474
562,474
563,474
564,474
565,474
566,474
567,474
568,474
569,474
570,474
571,474
572,474
573,474
574,474
575,474
576,474
577,474
578,474
579,474
580,474
581,474
582,474
583,474
584,474
585,474
586,474
587,474
588,474
589,474
590,474
591,474
592,474
593,474
594,474
595,474
596,474
597,474
598,474
599,474
600,474
601,474
602,474
603,474
604,474
605,474
606,474
607,474
608,474
609,474
610,474
611,474
612,474
613,474
614,474
615,474
616,474
617,474
618,474
619,474
620,474
621,474
622,474
623,474
624,474
625,474
626,474
627,474
628,474
629,474
630,474
631,474
632,474
441,475
442,475
443,475
444,475
445,475
446,475
447,475
448,475
449,475
450,475
451,475
452,475
453,475
454,475
455,475
456,475
457,475
458,475
459,475
460,475
461,475
462,475
463,475
464,475
465,475
466,475
467,475
468,475
469,475
470,475
471,475
472,475
473,475
474,475
475,475
476,475
477,475
478,475
479,475
480,475
481,475
482,475
483,475
484,475
485,475
486,475
487,475
488,475
489,475
490,475
491,475
492,475
493,475
494,475
495,475
496,475
497,475
498,475
499,475
500,475
501,475
502,475
503,475
504,475
505,475
506,475
507,475
508,475
509,475
510,475
511,475
512,475
513,475
514,475
515,475
516,475
517,475
518,475
519,475
520,475
521,475
522,475
523,475
524,475
525,475
526,475
527,475
528,475
529,475
530,475
531,475
532,475
533,475
534,475
535,475
536,475
537,475
538,475
539,475
540,475
541,475
542,475
543,475
544,475
545,475
546,475
547,475
548,475
549,475
550,475
551,475
552,475
553,475
554,475
555,475
556,475
557,475
558,475
559,475
560,475
561,475
562,475
563,475
564,475
565,475
566,475
567,475
568,475
569,475
570,475
571,475
572,475
573,475
574,475
575,475
576,475
577,475
578,475
579,475
580,475
581,475
582,475
583,475
584,475
585,475
586,475
587,475
588,475
589,475
590,475
591,475
592,475
593,475
594,475
595,475
596,475
597,475
598,475
599,475
600,475
601,475
602,475
603,475
604,475
605,475
606,475
607,475
608,475
609,475
610,475
611,475
612,475
613,475
614,475
615,475
616,475
617,475
618,475
619,475
620,475
621,475
622,475
623,475
624,475
625,475
626,475
627,475
628,475
629,475
630,475
631,475
632,475
441,476
442,476
443,476
444,476
445,476
446,476
447,476
448,476
449,476
450,476
451,476
452,476
453,476
454,476
455,476
456,476
457,476
458,476
459,476
460,476
461,476
462,476
463,476
464,476
465,476
466,476
467,476
468,476
469,476
470,476
471,476
472,476
473,476
474,476
475,476
476,476
477,476
478,476
479,476
480,476
481,476
482,476
483,476
484,476
485,476
486,476
487,476
488,476
489,476
490,476
491,476
492,476
493,476
494,476
495,476
496,476
497,476
498,476
499,476
500,476
501,476
502,476
503,476
504,476
505,476
506,476
507,476
508,476
509,476
510,476
511,476
512,476
513,476
514,476
515,476
516,476
517,476
518,476
519,476
520,476
521,476
522,476
523,476
524,476
525,476
526,476
527,476
528,476
529,476
530,476
531,476
532,476
533,476
534,476
535,476
536,476
537,476
538,476
539,476
540,476
541,476
542,476
543,476
544,476
545,476
546,476
547,476
548,476
549,476
550,476
551,476
552,476
553,476
554,476
555,476
556,476
557,476
558,476
559,476
560,476
561,476
562,476
563,476
564,476
565,476
566,476
567,476
568,476
569,476
570,476
571,476
572,476
573,476
574,476
575,476
576,476
577,476
578,476
579,476
580,476
581,476
582,476
583,476
584,476
585,476
586,476
587,476
588,476
589,476
590,476
591,476
592,476
593,476
594,476
595,476
596,476
597,476
598,476
599,476
600,476
601,476
602,476
603,476
604,476
605,476
606,476
607,476
608,476
609,476
610,476
611,476
612,476
613,476
614,476
615,476
616,476
617,476
618,476
619,476
620,476
621,476
622,476
623,476
624,476
625,476
626,476
627,476
628,476
629,476
630,476
631,476
632,476
441,477
442,477
443,477
444,477
445,477
446,477
447,477
448,477
449,477
450,477
451,477
452,477
453,477
454,477
455,477
456,477
457,477
458,477
459,477
460,477
461,477
462,477
463,477
464,477
465,477
466,477
467,477
468,477
469,477
470,477
471,477
472,477
473,477
474,477
475,477
476,477
477,477
478,477
479,477
480,477
481,477
482,477
483,477
484,477
485,477
486,477
487,477
488,477
489,477
490,477
491,477
492,477
493,477
494,477
495,477
496,477
497,477
498,477
499,477
500,477
501,477
502,477
503,477
504,477
505,477
506,477
507,477
508,477
509,477
510,477
511,477
512,477
513,477
514,477
515,477
516,477
517,477
518,477
519,477
520,477
521,477
522,477
523,477
524,477
525,477
526,477
527,477
528,477
529,477
530,477
531,477
532,477
533,477
534,477
535,477
536,477
537,477
538,477
539,477
540,477
541,477
542,477
543,477
544,477
545,477
546,477
547,477
548,477
549,477
550,477
551,477
552,477
553,477
554,477
555,477
556,477
557,477
558,477
559,477
560,477
561,477
562,477
563,477
564,477
565,477
566,477
567,477
568,477
569,477
570,477
571,477
572,477
573,477
574,477
575,477
576,477
577,477
578,477
579,477
580,477
581,477
582,477
583,477
584,477
585,477
586,477
587,477
588,477
589,477
590,477
591,477
592,477
593,477
594,477
595,477
596,477
597,477
598,477
599,477
600,477
601,477
602,477
603,477
604,477
605,477
606,477
607,477
608,477
609,477
610,477
611,477
612,477
613,477
614,477
615,477
616,477
617,477
618,477
619,477
620,477
621,477
622,477
623,477
624,477
625,477
626,477
627,477
628,477
629,477
630,477
631,477
632,477
440,478
441,478
442,478
443,478
444,478
445,478
446,478
447,478
448,478
449,478
450,478
451,478
452,478
453,478
454,478
455,478
456,478
457,478
458,478
459,478
460,478
461,478
462,478
463,478
464,478
465,478
466,478
467,478
468,478
469,478
470,478
471,478
472,478
473,478
474,478
475,478
476,478
477,478
478,478
479,478
480,478
481,478
482,478
483,478
484,478
485,478
486,478
487,478
488,478
489,478
490,478
491,478
492,478
493,478
494,478
495,478
496,478
497,478
498,478
499,478
500,478
501,478
502,478
503,478
504,478
505,478
506,478
507,478
508,478
509,478
510,478
511,478
512,478
513,478
514,478
515,478
516,478
517,478
518,478
519,478
520,478
521,478
522,478
523,478
524,478
525,478
526,478
527,478
528,478
529,478
530,478
531,478
532,478
533,478
534,478
535,478
536,478
537,478
538,478
539,478
540,478
541,478
542,478
543,478
544,478
545,478
546,478
547,478
548,478
549,478
550,478
551,478
552,478
553,478
554,478
555,478
556,478
557,478
558,478
559,478
560,478
561,478
562,478
563,478
564,478
565,478
566,478
567,478
568,478
569,478
570,478
571,478
572,478
573,478
574,478
575,478
576,478
577,478
578,478
579,478
580,478
581,478
582,478
583,478
584,478
585,478
586,478
587,478
588,478
589,478
590,478
591,478
592,478
593,478
594,478
595,478
596,478
597,478
598,478
599,478
600,478
601,478
602,478
603,478
604,478
605,478
606,478
607,478
608,478
609,478
610,478
611,478
612,478
613,478
614,478
615,478
616,478
617,478
618,478
619,478
620,478
621,478
622,478
623,478
624,478
625,478
626,478
627,478
628,478
629,478
630,478
631,478
632,478
440,479
441,479
442,479
443,479
444,479
445,479
446,479
447,479
448,479
449,479
450,479
451,479
452,479
453,479
454,479
455,479
456,479
457,479
458,479
459,479
460,479
461,479
462,479
463,479
464,479
465,479
466,479
467,479
468,479
469,479
470,479
471,479
472,479
473,479
474,479
475,479
476,479
477,479
478,479
479,479
480,479
481,479
482,479
483,479
484,479
485,479
486,479
487,479
488,479
489,479
490,479
491,479
492,479
493,479
494,479
495,479
496,479
497,479
498,479
499,479
500,479
501,479
502,479
503,479
504,479
505,479
506,479
507,479
508,479
509,479
510,479
511,479
512,479
513,479
514,479
515,479
516,479
517,479
518,479
519,479
520,479
521,479
522,479
523,479
524,479
525,479
526,479
527,479
528,479
529,479
530,479
531,479
532,479
533,479
534,479
535,479
536,479
537,479
538,479
539,479
540,479
541,479
542,479
543,479
544,479
545,479
546,479
547,479
548,479
549,479
550,479
551,479
552,479
553,479
554,479
555,479
556,479
557,479
558,479
559,479
560,479
561,479
562,479
563,479
564,479
565,479
566,479
567,479
568,479
569,479
570,479
571,479
572,479
573,479
574,479
575,479
576,479
577,479
578,479
579,479
580,479
581,479
582,479
583,479
584,479
585,479
586,479
587,479
588,479
589,479
590,479
591,479
592,479
593,479
594,479
595,479
596,479
597,479
598,479
599,479
600,479
601,479
602,479
603,479
604,479
605,479
606,479
607,479
608,479
609,479
610,479
611,479
612,479
613,479
614,479
615,479
616,479
617,479
618,479
619,479
620,479
621,479
622,479
623,479
624,479
625,479
626,479
627,479
628,479
629,479
630,479
631,479
632,479
440,480
441,480
442,480
443,480
444,480
445,480
446,480
447,480
448,480
449,480
450,480
451,480
452,480
453,480
454,480
455,480
456,480
457,480
458,480
459,480
460,480
461,480
462,480
463,480
464,480
465,480
466,480
467,480
468,480
469,480
470,480
471,480
472,480
473,480
474,480
475,480
476,480
477,480
478,480
479,480
480,480
481,480
482,480
483,480
484,480
485,480
486,480
487,480
488,480
489,480
490,480
491,480
492,480
493,480
494,480
495,480
496,480
497,480
498,480
499,480
500,480
501,480
502,480
503,480
504,480
505,480
506,480
507,480
508,480
509,480
510,480
511,480
512,480
513,480
514,480
515,480
516,480
517,480
518,480
519,480
520,480
521,480
522,480
523,480
524,480
525,480
526,480
527,480
528,480
529,480
530,480
531,480
532,480
533,480
534,480
535,480
536,480
537,480
538,480
539,480
540,480
541,480
542,480
543,480
544,480
545,480
546,480
547,480
548,480
549,480
550,480
551,480
552,480
553,480
554,480
555,480
556,480
557,480
558,480
559,480
560,480
561,480
562,480
563,480
564,480
565,480
566,480
567,480
568,480
569,480
570,480
571,480
572,480
573,480
574,480
575,480
576,480
577,480
578,480
579,480
580,480
581,480
582,480
583,480
584,480
585,480
586,480
587,480
588,480
589,480
590,480
591,480
592,480
593,480
594,480
595,480
596,480
597,480
598,480
599,480
600,480
601,480
602,480
603,480
604,480
605,480
606,480
607,480
608,480
609,480
610,480
611,480
612,480
613,480
614,480
615,480
616,480
617,480
618,480
619,480
620,480
621,480
622,480
623,480
624,480
625,480
626,480
627,480
628,480
629,480
630,480
631,480
632,480
439,481
440,481
441,481
442,481
443,481
444,481
445,481
446,481
447,481
448,481
449,481
450,481
451,481
452,481
453,481
454,481
455,481
456,481
457,481
458,481
459,481
460,481
461,481
462,481
463,481
464,481
465,481
466,481
467,481
468,481
469,481
470,481
471,481
472,481
473,481
474,481
475,481
476,481
477,481
478,481
479,481
480,481
481,481
482,481
483,481
484,481
485,481
486,481
487,481
488,481
489,481
490,481
491,481
492,481
493,481
494,481
495,481
496,481
497,481
498,481
499,481
500,481
501,481
502,481
503,481
504,481
505,481
506,481
507,481
508,481
509,481
510,481
511,481
512,481
513,481
514,481
515,481
516,481
517,481
518,481
519,481
520,481
521,481
522,481
523,481
524,481
525,481
526,481
527,481
528,481
529,481
530,481
531,481
532,481
533,481
534,481
535,481
536,481
537,481
538,481
539,481
540,481
541,481
542,481
543,481
544,481
545,481
546,481
547,481
548,481
549,481
550,481
551,481
552,481
553,481
554,481
555,481
556,481
557,481
558,481
559,481
560,481
561,481
562,481
563,481
564,481
565,481
566,481
567,481
568,481
569,481
570,481
571,481
572,481
573,481
574,481
575,481
576,481
577,481
578,481
579,481
580,481
581,481
582,481
583,481
584,481
585,481
586,481
587,481
588,481
589,481
590,481
591,481
592,481
593,481
594,481
595,481
596,481
597,481
598,481
599,481
600,481
601,481
602,481
603,481
604,481
605,481
606,481
607,481
608,481
609,481
610,481
611,481
612,481
613,481
614,481
615,481
616,481
617,481
618,481
619,481
620,481
621,481
622,481
623,481
624,481
625,481
626,481
627,481
628,481
629,481
630,481
631,481
632,481
439,482
440,482
441,482
442,482
443,482
444,482
445,482
446,482
447,482
448,482
449,482
450,482
451,482
452,482
453,482
454,482
455,482
456,482
457,482
458,482
459,482
460,482
461,482
462,482
463,482
464,482
465,482
466,482
467,482
468,482
469,482
470,482
471,482
472,482
473,482
474,482
475,482
476,482
477,482
478,482
479,482
480,482
481,482
482,482
483,482
484,482
485,482
486,482
487,482
488,482
489,482
490,482
491,482
492,482
493,482
494,482
495,482
496,482
497,482
498,482
499,482
500,482
501,482
502,482
503,482
504,482
505,482
506,482
507,482
508,482
509,482
510,482
511,482
512,482
513,482
514,482
515,482
516,482
517,482
518,482
519,482
520,482
521,482
522,482
523,482
524,482
525,482
526,482
527,482
528,482
529,482
530,482
531,482
532,482
533,482
534,482
535,482
536,482
537,482
538,482
539,482
540,482
541,482
542,482
543,482
544,482
545,482
546,482
547,482
548,482
549,482
550,482
551,482
552,482
553,482
554,482
555,482
556,482
557,482
558,482
559,482
560,482
561,482
562,482
563,482
564,482
565,482
566,482
567,482
568,482
569,482
570,482
571,482
572,482
573,482
574,482
575,482
576,482
577,482
578,482
579,482
580,482
581,482
582,482
583,482
584,482
585,482
586,482
587,482
588,482
589,482
590,482
591,482
592,482
593,482
594,482
595,482
596,482
597,482
598,482
599,482
600,482
601,482
602,482
603,482
604,482
605,482
606,482
607,482
608,482
609,482
610,482
611,482
612,482
613,482
614,482
615,482
616,482
617,482
618,482
619,482
620,482
621,482
622,482
623,482
624,482
625,482
626,482
627,482
628,482
629,482
630,482
631,482
632,482
439,483
440,483
441,483
442,483
443,483
444,483
445,483
446,483
447,483
448,483
449,483
450,483
451,483
452,483
453,483
454,483
455,483
456,483
457,483
458,483
459,483
460,483
461,483
462,483
463,483
464,483
465,483
466,483
467,483
468,483
469,483
470,483
471,483
472,483
473,483
474,483
475,483
476,483
477,483
478,483
479,483
480,483
481,483
482,483
483,483
484,483
485,483
486,483
487,483
488,483
489,483
490,483
491,483
492,483
493,483
494,483
495,483
496,483
497,483
498,483
499,483
500,483
501,483
502,483
503,483
504,483
505,483
506,483
507,483
508,483
509,483
510,483
511,483
512,483
513,483
514,483
515,483
516,483
517,483
518,483
519,483
520,483
521,483
522,483
523,483
524,483
525,483
526,483
527,483
528,483
529,483
530,483
531,483
532,483
533,483
534,483
535,483
536,483
537,483
538,483
539,483
540,483
541,483
542,483
543,483
544,483
545,483
546,483
547,483
548,483
549,483
550,483
551,483
552,483
553,483
554,483
555,483
556,483
557,483
558,483
559,483
560,483
561,483
562,483
563,483
564,483
565,483
566,483
567,483
568,483
569,483
570,483
571,483
572,483
573,483
574,483
575,483
576,483
577,483
578,483
579,483
580,483
581,483
582,483
583,483
584,483
585,483
586,483
587,483
588,483
589,483
590,483
591,483
592,483
593,483
594,483
595,483
596,483
597,483
598,483
599,483
600,483
601,483
602,483
603,483
604,483
605,483
606,483
607,483
608,483
609,483
610,483
611,483
612,483
613,483
614,483
615,483
616,483
617,483
618,483
619,483
620,483
621,483
622,483
623,483
624,483
625,483
626,483
627,483
628,483
629,483
630,483
631,483
632,483
439,484
440,484
441,484
442,484
443,484
444,484
445,484
446,484
447,484
448,484
449,484
450,484
451,484
452,484
453,484
454,484
455,484
456,484
457,484
458,484
459,484
460,484
461,484
462,484
463,484
464,484
465,484
466,484
467,484
468,484
469,484
470,484
471,484
472,484
473,484
474,484
475,484
476,484
477,484
478,484
479,484
480,484
481,484
482,484
483,484
484,484
485,484
486,484
487,484
488,484
489,484
490,484
491,484
492,484
493,484
494,484
495,484
496,484
497,484
498,484
499,484
500,484
501,484
502,484
503,484
504,484
505,484
506,484
507,484
508,484
509,484
510,484
511,484
512,484
513,484
514,484
515,484
516,484
517,484
518,484
519,484
520,484
521,484
522,484
523,484
524,484
525,484
526,484
527,484
528,484
529,484
530,484
531,484
532,484
533,484
534,484
535,484
536,484
537,484
538,484
539,484
540,484
541,484
542,484
543,484
544,484
545,484
546,484
547,484
548,484
549,484
550,484
551,484
552,484
553,484
554,484
555,484
556,484
557,484
558,484
559,484
560,484
561,484
562,484
563,484
564,484
565,484
566,484
567,484
568,484
569,484
570,484
571,484
572,484
573,484
574,484
575,484
576,484
577,484
578,484
579,484
580,484
581,484
582,484
583,484
584,484
585,484
586,484
587,484
588,484
589,484
590,484
591,484
592,484
593,484
594,484
595,484
596,484
597,484
598,484
599,484
600,484
601,484
602,484
603,484
604,484
605,484
606,484
607,484
608,484
609,484
610,484
611,484
612,484
613,484
614,484
615,484
616,484
617,484
618,484
619,484
620,484
621,484
622,484
623,484
624,484
625,484
626,484
627,484
628,484
629,484
630,484
631,484
632,484
438,485
439,485
440,485
441,485
442,485
443,485
444,485
445,485
446,485
447,485
448,485
449,485
450,485
451,485
452,485
453,485
454,485
455,485
456,485
457,485
458,485
459,485
460,485
461,485
462,485
463,485
464,485
465,485
466,485
467,485
468,485
469,485
470,485
471,485
472,485
473,485
474,485
475,485
476,485
477,485
478,485
479,485
480,485
481,485
482,485
483,485
484,485
485,485
486,485
487,485
488,485
489,485
490,485
491,485
492,485
493,485
494,485
495,485
496,485
497,485
498,485
499,485
500,485
501,485
502,485
503,485
504,485
505,485
506,485
507,485
508,485
509,485
510,485
511,485
512,485
513,485
514,485
515,485
516,485
517,485
518,485
519,485
520,485
521,485
522,485
523,485
524,485
525,485
526,485
527,485
528,485
529,485
530,485
531,485
532,485
533,485
534,485
535,485
536,485
537,485
538,485
539,485
540,485
541,485
542,485
543,485
544,485
545,485
546,485
547,485
548,485
549,485
550,485
551,485
552,485
553,485
554,485
555,485
556,485
557,485
558,485
559,485
560,485
561,485
562,485
563,485
564,485
565,485
566,485
567,485
568,485
569,485
570,485
571,485
572,485
573,485
574,485
575,485
576,485
577,485
578,485
579,485
580,485
581,485
582,485
583,485
584,485
585,485
586,485
587,485
588,485
589,485
590,485
591,485
592,485
593,485
594,485
595,485
596,485
597,485
598,485
599,485
600,485
601,485
602,485
603,485
604,485
605,485
606,485
607,485
608,485
609,485
610,485
611,485
612,485
613,485
614,485
615,485
616,485
617,485
618,485
619,485
620,485
621,485
622,485
623,485
624,485
625,485
626,485
627,485
628,485
629,485
630,485
631,485
632,485
438,486
439,486
440,486
441,486
442,486
443,486
444,486
445,486
446,486
447,486
448,486
449,486
450,486
451,486
452,486
453,486
454,486
455,486
456,486
457,486
458,486
459,486
460,486
461,486
462,486
463,486
464,486
465,486
466,486
467,486
468,486
469,486
470,486
471,486
472,486
473,486
474,486
475,486
476,486
477,486
478,486
479,486
480,486
481,486
482,486
483,486
484,486
485,486
486,486
487,486
488,486
489,486
490,486
491,486
492,486
493,486
494,486
495,486
496,486
497,486
498,486
499,486
500,486
501,486
502,486
503,486
504,486
505,486
506,486
507,486
508,486
509,486
510,486
511,486
512,486
513,486
514,486
515,486
516,486
517,486
518,486
519,486
520,486
521,486
522,486
523,486
524,486
525,486
526,486
527,486
528,486
529,486
530,486
531,486
532,486
533,486
534,486
535,486
536,486
537,486
538,486
539,486
540,486
541,486
542,486
543,486
544,486
545,486
546,486
547,486
548,486
549,486
550,486
551,486
552,486
553,486
554,486
555,486
556,486
557,486
558,486
559,486
560,486
561,486
562,486
563,486
564,486
565,486
566,486
567,486
568,486
569,486
570,486
571,486
572,486
573,486
574,486
575,486
576,486
577,486
578,486
579,486
580,486
581,486
582,486
583,486
584,486
585,486
586,486
587,486
588,486
589,486
590,486
591,486
592,486
593,486
594,486
595,486
596,486
597,486
598,486
599,486
600,486
601,486
602,486
603,486
604,486
605,486
606,486
607,486
608,486
609,486
610,486
611,486
612,486
613,486
614,486
615,486
616,486
617,486
618,486
619,486
620,486
621,486
622,486
623,486
624,486
625,486
626,486
627,486
628,486
629,486
630,486
631,486
632,486
438,487
439,487
440,487
441,487
442,487
443,487
444,487
445,487
446,487
447,487
448,487
449,487
450,487
451,487
452,487
453,487
454,487
455,487
456,487
457,487
458,487
459,487
460,487
461,487
462,487
463,487
464,487
465,487
466,487
467,487
468,487
469,487
470,487
471,487
472,487
473,487
474,487
475,487
476,487
477,487
478,487
479,487
480,487
481,487
482,487
483,487
484,487
485,487
486,487
487,487
488,487
489,487
490,487
491,487
492,487
493,487
494,487
495,487
496,487
497,487
498,487
499,487
500,487
501,487
502,487
503,487
504,487
505,487
506,487
507,487
508,487
509,487
510,487
511,487
512,487
513,487
514,487
515,487
516,487
517,487
518,487
519,487
520,487
521,487
522,487
523,487
524,487
525,487
526,487
527,487
528,487
529,487
530,487
531,487
532,487
533,487
534,487
535,487
536,487
537,487
538,487
539,487
540,487
541,487
542,487
543,487
544,487
545,487
546,487
547,487
548,487
549,487
550,487
551,487
552,487
553,487
554,487
555,487
556,487
557,487
558,487
559,487
560,487
561,487
562,487
563,487
564,487
565,487
566,487
567,487
568,487
569,487
570,487
571,487
572,487
573,487
574,487
575,487
576,487
577,487
578,487
579,487
580,487
581,487
582,487
583,487
584,487
585,487
586,487
587,487
588,487
589,487
590,487
591,487
592,487
593,487
594,487
595,487
596,487
597,487
598,487
599,487
600,487
601,487
602,487
603,487
604,487
605,487
606,487
607,487
608,487
609,487
610,487
611,487
612,487
613,487
614,487
615,487
616,487
617,487
618,487
619,487
620,487
621,487
622,487
623,487
624,487
625,487
626,487
627,487
628,487
629,487
630,487
631,487
632,487
438,488
439,488
440,488
441,488
442,488
443,488
444,488
445,488
446,488
447,488
448,488
449,488
450,488
451,488
452,488
453,488
454,488
455,488
456,488
457,488
458,488
459,488
460,488
461,488
462,488
463,488
464,488
465,488
466,488
467,488
468,488
469,488
470,488
471,488
472,488
473,488
474,488
475,488
476,488
477,488
478,488
479,488
480,488
481,488
482,488
483,488
484,488
485,488
486,488
487,488
488,488
489,488
490,488
491,488
492,488
493,488
494,488
495,488
496,488
497,488
498,488
499,488
500,488
501,488
502,488
503,488
504,488
505,488
506,488
507,488
508,488
509,488
510,488
511,488
512,488
513,488
514,488
515,488
516,488
517,488
518,488
519,488
520,488
521,488
522,488
523,488
524,488
525,488
526,488
527,488
528,488
529,488
530,488
531,488
532,488
533,488
534,488
535,488
536,488
537,488
538,488
539,488
540,488
541,488
542,488
543,488
544,488
545,488
546,488
547,488
548,488
549,488
550,488
551,488
552,488
553,488
554,488
555,488
556,488
557,488
558,488
559,488
560,488
561,488
562,488
563,488
564,488
565,488
566,488
567,488
568,488
569,488
570,488
571,488
572,488
573,488
574,488
575,488
576,488
577,488
578,488
579,488
580,488
581,488
582,488
583,488
584,488
585,488
586,488
587,488
588,488
589,488
590,488
591,488
592,488
593,488
594,488
595,488
596,488
597,488
598,488
599,488
600,488
601,488
602,488
603,488
604,488
605,488
606,488
607,488
608,488
609,488
610,488
611,488
612,488
613,488
614,488
615,488
616,488
617,488
618,488
619,488
620,488
621,488
622,488
623,488
624,488
625,488
626,488
627,488
628,488
629,488
630,488
631,488
632,488
439,489
440,489
441,489
442,489
443,489
444,489
445,489
446,489
447,489
448,489
449,489
450,489
451,489
452,489
453,489
454,489
455,489
456,489
457,489
458,489
459,489
460,489
461,489
462,489
463,489
464,489
465,489
466,489
467,489
468,489
469,489
470,489
471,489
472,489
473,489
474,489
475,489
476,489
477,489
478,489
479,489
480,489
481,489
482,489
483,489
484,489
485,489
486,489
487,489
488,489
489,489
490,489
491,489
492,489
493,489
494,489
495,489
496,489
497,489
498,489
499,489
500,489
501,489
502,489
503,489
504,489
505,489
506,489
507,489
508,489
509,489
510,489
511,489
512,489
513,489
514,489
515,489
516,489
517,489
518,489
519,489
520,489
521,489
522,489
523,489
524,489
525,489
526,489
527,489
528,489
529,489
530,489
531,489
532,489
533,489
534,489
535,489
536,489
537,489
538,489
539,489
540,489
541,489
542,489
543,489
544,489
545,489
546,489
547,489
548,489
549,489
550,489
551,489
552,489
553,489
554,489
555,489
556,489
557,489
558,489
559,489
560,489
561,489
562,489
563,489
564,489
565,489
566,489
567,489
568,489
569,489
570,489
571,489
572,489
573,489
574,489
575,489
576,489
577,489
578,489
579,489
580,489
581,489
582,489
583,489
584,489
585,489
586,489
587,489
588,489
589,489
590,489
591,489
592,489
593,489
594,489
595,489
596,489
597,489
598,489
599,489
600,489
601,489
602,489
603,489
604,489
605,489
606,489
607,489
608,489
609,489
610,489
611,489
612,489
613,489
614,489
615,489
616,489
617,489
618,489
619,489
620,489
621,489
622,489
623,489
624,489
625,489
626,489
627,489
628,489
629,489
630,489
631,489
632,489
439,490
440,490
441,490
442,490
443,490
444,490
445,490
446,490
447,490
448,490
449,490
450,490
451,490
452,490
453,490
454,490
455,490
456,490
457,490
458,490
459,490
460,490
461,490
462,490
463,490
464,490
465,490
466,490
467,490
468,490
469,490
470,490
471,490
472,490
473,490
474,490
475,490
476,490
477,490
478,490
479,490
480,490
481,490
482,490
483,490
484,490
485,490
486,490
487,490
488,490
489,490
490,490
491,490
492,490
493,490
494,490
495,490
496,490
497,490
498,490
499,490
500,490
501,490
502,490
503,490
504,490
505,490
506,490
507,490
508,490
509,490
510,490
511,490
512,490
513,490
514,490
515,490
516,490
517,490
518,490
519,490
520,490
521,490
522,490
523,490
524,490
525,490
526,490
527,490
528,490
529,490
530,490
531,490
532,490
533,490
534,490
535,490
536,490
537,490
538,490
539,490
540,490
541,490
542,490
543,490
544,490
545,490
546,490
547,490
548,490
549,490
550,490
551,490
552,490
553,490
554,490
555,490
556,490
557,490
558,490
559,490
560,490
561,490
562,490
563,490
564,490
565,490
566,490
567,490
568,490
569,490
570,490
571,490
572,490
573,490
574,490
575,490
576,490
577,490
578,490
579,490
580,490
581,490
582,490
583,490
584,490
585,490
586,490
587,490
588,490
589,490
590,490
591,490
592,490
593,490
594,490
595,490
596,490
597,490
598,490
599,490
600,490
601,490
602,490
603,490
604,490
605,490
606,490
607,490
608,490
609,490
610,490
611,490
612,490
613,490
614,490
615,490
616,490
617,490
618,490
619,490
620,490
621,490
622,490
623,490
624,490
625,490
626,490
627,490
628,490
629,490
630,490
631,490
632,490
439,491
440,491
441,491
442,491
443,491
444,491
445,491
446,491
447,491
448,491
449,491
450,491
451,491
452,491
453,491
454,491
455,491
456,491
457,491
458,491
459,491
460,491
461,491
462,491
463,491
464,491
465,491
466,491
467,491
468,491
469,491
470,491
471,491
472,491
473,491
474,491
475,491
476,491
477,491
478,491
479,491
480,491
481,491
482,491
483,491
484,491
485,491
486,491
487,491
488,491
489,491
490,491
491,491
492,491
493,491
494,491
495,491
496,491
497,491
498,491
499,491
500,491
501,491
502,491
503,491
504,491
505,491
506,491
507,491
508,491
509,491
510,491
511,491
512,491
513,491
514,491
515,491
516,491
517,491
518,491
519,491
520,491
521,491
522,491
523,491
524,491
525,491
526,491
527,491
528,491
529,491
530,491
531,491
532,491
533,491
534,491
535,491
536,491
537,491
538,491
539,491
540,491
541,491
542,491
543,491
544,491
545,491
546,491
547,491
548,491
549,491
550,491
551,491
552,491
553,491
554,491
555,491
556,491
557,491
558,491
559,491
560,491
561,491
562,491
563,491
564,491
565,491
566,491
567,491
568,491
569,491
570,491
571,491
572,491
573,491
574,491
575,491
576,491
577,491
578,491
579,491
580,491
581,491
582,491
583,491
584,491
585,491
586,491
587,491
588,491
589,491
590,491
591,491
592,491
593,491
594,491
595,491
596,491
597,491
598,491
599,491
600,491
601,491
602,491
603,491
604,491
605,491
606,491
607,491
608,491
609,491
610,491
611,491
612,491
613,491
614,491
615,491
616,491
617,491
618,491
619,491
620,491
621,491
622,491
623,491
624,491
625,491
626,491
627,491
628,491
629,491
630,491
631,491
632,491
439,492
440,492
441,492
442,492
443,492
444,492
445,492
446,492
447,492
448,492
449,492
450,492
451,492
452,492
453,492
454,492
455,492
456,492
457,492
458,492
459,492
460,492
461,492
462,492
463,492
464,492
465,492
466,492
467,492
468,492
469,492
470,492
471,492
472,492
473,492
474,492
475,492
476,492
477,492
478,492
479,492
480,492
481,492
482,492
483,492
484,492
485,492
486,492
487,492
488,492
489,492
490,492
491,492
492,492
493,492
494,492
495,492
496,492
497,492
498,492
499,492
500,492
501,492
502,492
503,492
504,492
505,492
506,492
507,492
508,492
509,492
510,492
511,492
512,492
513,492
514,492
515,492
516,492
517,492
518,492
519,492
520,492
521,492
522,492
523,492
524,492
525,492
526,492
527,492
528,492
529,492
530,492
531,492
532,492
533,492
534,492
535,492
536,492
537,492
538,492
539,492
540,492
541,492
542,492
543,492
544,492
545,492
546,492
547,492
548,492
549,492
550,492
551,492
552,492
553,492
554,492
555,492
556,492
557,492
558,492
559,492
560,492
561,492
562,492
563,492
564,492
565,492
566,492
567,492
568,492
569,492
570,492
571,492
572,492
573,492
574,492
575,492
576,492
577,492
578,492
579,492
580,492
581,492
582,492
583,492
584,492
585,492
586,492
587,492
588,492
589,492
590,492
591,492
592,492
593,492
594,492
595,492
596,492
597,492
598,492
599,492
600,492
601,492
602,492
603,492
604,492
605,492
606,492
607,492
608,492
609,492
610,492
611,492
612,492
613,492
614,492
615,492
616,492
617,492
618,492
619,492
620,492
621,492
622,492
623,492
624,492
625,492
626,492
627,492
628,492
629,492
630,492
631,492
632,492
439,493
440,493
441,493
442,493
443,493
444,493
445,493
446,493
447,493
448,493
449,493
450,493
451,493
452,493
453,493
454,493
455,493
456,493
457,493
458,493
459,493
460,493
461,493
462,493
463,493
464,493
465,493
466,493
467,493
468,493
469,493
470,493
471,493
472,493
473,493
474,493
475,493
476,493
477,493
478,493
479,493
480,493
481,493
482,493
483,493
484,493
485,493
486,493
487,493
488,493
489,493
490,493
491,493
492,493
493,493
494,493
495,493
496,493
497,493
498,493
499,493
500,493
501,493
502,493
503,493
504,493
505,493
506,493
507,493
508,493
509,493
510,493
511,493
512,493
513,493
514,493
515,493
516,493
517,493
518,493
519,493
520,493
521,493
522,493
523,493
524,493
525,493
526,493
527,493
528,493
529,493
530,493
531,493
532,493
533,493
534,493
535,493
536,493
537,493
538,493
539,493
540,493
541,493
542,493
543,493
544,493
545,493
546,493
547,493
548,493
549,493
550,493
551,493
552,493
553,493
554,493
555,493
556,493
557,493
558,493
559,493
560,493
561,493
562,493
563,493
564,493
565,493
566,493
567,493
568,493
569,493
570,493
571,493
572,493
573,493
574,493
575,493
576,493
577,493
578,493
579,493
580,493
581,493
582,493
583,493
584,493
585,493
586,493
587,493
588,493
589,493
590,493
591,493
592,493
593,493
594,493
595,493
596,493
597,493
598,493
599,493
600,493
601,493
602,493
603,493
604,493
605,493
606,493
607,493
608,493
609,493
610,493
611,493
612,493
613,493
614,493
615,493
616,493
617,493
618,493
619,493
620,493
621,493
622,493
623,493
624,493
625,493
626,493
627,493
628,493
629,493
630,493
631,493
632,493
439,494
440,494
441,494
442,494
443,494
444,494
445,494
446,494
447,494
448,494
449,494
450,494
451,494
452,494
453,494
454,494
455,494
456,494
457,494
458,494
459,494
460,494
461,494
462,494
463,494
464,494
465,494
466,494
467,494
468,494
469,494
470,494
471,494
472,494
473,494
474,494
475,494
476,494
477,494
478,494
479,494
480,494
481,494
482,494
483,494
484,494
485,494
486,494
487,494
488,494
489,494
490,494
491,494
492,494
493,494
494,494
495,494
496,494
497,494
498,494
499,494
500,494
501,494
502,494
503,494
504,494
505,494
506,494
507,494
508,494
509,494
510,494
511,494
512,494
513,494
514,494
515,494
516,494
517,494
518,494
519,494
520,494
521,494
522,494
523,494
524,494
525,494
526,494
527,494
528,494
529,494
530,494
531,494
532,494
533,494
534,494
535,494
536,494
537,494
538,494
539,494
540,494
541,494
542,494
543,494
544,494
545,494
546,494
547,494
548,494
549,494
550,494
551,494
552,494
553,494
554,494
555,494
556,494
557,494
558,494
559,494
560,494
561,494
562,494
563,494
564,494
565,494
566,494
567,494
568,494
569,494
570,494
571,494
572,494
573,494
574,494
575,494
576,494
577,494
578,494
579,494
580,494
581,494
582,494
583,494
584,494
585,494
586,494
587,494
588,494
589,494
590,494
591,494
592,494
593,494
594,494
595,494
596,494
597,494
598,494
599,494
600,494
601,494
602,494
603,494
604,494
605,494
606,494
607,494
608,494
609,494
610,494
611,494
612,494
613,494
614,494
615,494
616,494
617,494
618,494
619,494
620,494
621,494
622,494
623,494
624,494
625,494
626,494
627,494
628,494
629,494
630,494
631,494
632,494
440,495
441,495
442,495
443,495
444,495
445,495
446,495
447,495
448,495
449,495
450,495
451,495
452,495
453,495
454,495
455,495
456,495
457,495
458,495
459,495
460,495
461,495
462,495
463,495
464,495
465,495
466,495
467,495
468,495
469,495
470,495
471,495
472,495
473,495
474,495
475,495
476,495
477,495
478,495
479,495
480,495
481,495
482,495
483,495
484,495
485,495
486,495
487,495
488,495
489,495
490,495
491,495
492,495
493,495
494,495
495,495
496,495
497,495
498,495
499,495
500,495
501,495
502,495
503,495
504,495
505,495
506,495
507,495
508,495
509,495
510,495
511,495
512,495
513,495
514,495
515,495
516,495
517,495
518,495
519,495
520,495
521,495
522,495
523,495
524,495
525,495
526,495
527,495
528,495
529,495
530,495
531,495
532,495
533,495
534,495
535,495
536,495
537,495
538,495
539,495
540,495
541,495
542,495
543,495
544,495
545,495
546,495
547,495
548,495
549,495
550,495
551,495
552,495
553,495
554,495
555,495
556,495
557,495
558,495
559,495
560,495
561,495
562,495
563,495
564,495
565,495
566,495
567,495
568,495
569,495
570,495
571,495
572,495
573,495
574,495
575,495
576,495
577,495
578,495
579,495
580,495
581,495
582,495
583,495
584,495
585,495
586,495
587,495
588,495
589,495
590,495
591,495
592,495
593,495
594,495
595,495
596,495
597,495
598,495
599,495
600,495
601,495
602,495
603,495
604,495
605,495
606,495
607,495
608,495
609,495
610,495
611,495
612,495
613,495
614,495
615,495
616,495
617,495
618,495
619,495
620,495
621,495
622,495
623,495
624,495
625,495
626,495
627,495
628,495
629,495
630,495
631,495
632,495
440,496
441,496
442,496
443,496
444,496
445,496
446,496
447,496
448,496
449,496
450,496
451,496
452,496
453,496
454,496
455,496
456,496
457,496
458,496
459,496
460,496
461,496
462,496
463,496
464,496
465,496
466,496
467,496
468,496
469,496
470,496
471,496
472,496
473,496
474,496
475,496
476,496
477,496
478,496
479,496
480,496
481,496
482,496
483,496
484,496
485,496
486,496
487,496
488,496
489,496
490,496
491,496
492,496
493,496
494,496
495,496
496,496
497,496
498,496
499,496
500,496
501,496
502,496
503,496
504,496
505,496
506,496
507,496
508,496
509,496
510,496
511,496
512,496
513,496
514,496
515,496
516,496
517,496
518,496
519,496
520,496
521,496
522,496
523,496
524,496
525,496
526,496
527,496
528,496
529,496
530,496
531,496
532,496
533,496
534,496
535,496
536,496
537,496
538,496
539,496
540,496
541,496
542,496
543,496
544,496
545,496
546,496
547,496
548,496
549,496
550,496
551,496
552,496
553,496
554,496
555,496
556,496
557,496
558,496
559,496
560,496
561,496
562,496
563,496
564,496
565,496
566,496
567,496
568,496
569,496
570,496
571,496
572,496
573,496
574,496
575,496
576,496
577,496
578,496
579,496
580,496
581,496
582,496
583,496
584,496
585,496
586,496
587,496
588,496
589,496
590,496
591,496
592,496
593,496
594,496
595,496
596,496
597,496
598,496
599,496
600,496
601,496
602,496
603,496
604,496
605,496
606,496
607,496
608,496
609,496
610,496
611,496
612,496
613,496
614,496
615,496
616,496
617,496
618,496
619,496
620,496
621,496
622,496
623,496
624,496
625,496
626,496
627,496
628,496
629,496
630,496
631,496
632,496
440,497
441,497
442,497
443,497
444,497
445,497
446,497
447,497
448,497
449,497
450,497
451,497
452,497
453,497
454,497
455,497
456,497
457,497
458,497
459,497
460,497
461,497
462,497
463,497
464,497
465,497
466,497
467,497
468,497
469,497
470,497
471,497
472,497
473,497
474,497
475,497
476,497
477,497
478,497
479,497
480,497
481,497
482,497
483,497
484,497
485,497
486,497
487,497
488,497
489,497
490,497
491,497
492,497
493,497
494,497
495,497
496,497
497,497
498,497
499,497
500,497
501,497
502,497
503,497
504,497
505,497
506,497
507,497
508,497
509,497
510,497
511,497
512,497
513,497
514,497
515,497
516,497
517,497
518,497
519,497
520,497
521,497
522,497
523,497
524,497
525,497
526,497
527,497
528,497
529,497
530,497
531,497
532,497
533,497
534,497
535,497
536,497
537,497
538,497
539,497
540,497
541,497
542,497
543,497
544,497
545,497
546,497
547,497
548,497
549,497
550,497
551,497
552,497
553,497
554,497
555,497
556,497
557,497
558,497
559,497
560,497
561,497
562,497
563,497
564,497
565,497
566,497
567,497
568,497
569,497
570,497
571,497
572,497
573,497
574,497
575,497
576,497
577,497
578,497
579,497
580,497
581,497
582,497
583,497
584,497
585,497
586,497
587,497
588,497
589,497
590,497
591,497
592,497
593,497
594,497
595,497
596,497
597,497
598,497
599,497
600,497
601,497
602,497
603,497
604,497
605,497
606,497
607,497
608,497
609,497
610,497
611,497
612,497
613,497
614,497
615,497
616,497
617,497
618,497
619,497
620,497
621,497
622,497
623,497
624,497
625,497
626,497
627,497
628,497
629,497
630,497
631,497
632,497
440,498
441,498
442,498
443,498
444,498
445,498
446,498
447,498
448,498
449,498
450,498
451,498
452,498
453,498
454,498
455,498
456,498
457,498
458,498
459,498
460,498
461,498
462,498
463,498
464,498
465,498
466,498
467,498
468,498
469,498
470,498
471,498
472,498
473,498
474,498
475,498
476,498
477,498
478,498
479,498
480,498
481,498
482,498
483,498
484,498
485,498
486,498
487,498
488,498
489,498
490,498
491,498
492,498
493,498
494,498
495,498
496,498
497,498
498,498
499,498
500,498
501,498
502,498
503,498
504,498
505,498
506,498
507,498
508,498
509,498
510,498
511,498
512,498
513,498
514,498
515,498
516,498
517,498
518,498
519,498
520,498
521,498
522,498
523,498
524,498
525,498
526,498
527,498
528,498
529,498
530,498
531,498
532,498
533,498
534,498
535,498
536,498
537,498
538,498
539,498
540,498
541,498
542,498
543,498
544,498
545,498
546,498
547,498
548,498
549,498
550,498
551,498
552,498
553,498
554,498
555,498
556,498
557,498
558,498
559,498
560,498
561,498
562,498
563,498
564,498
565,498
566,498
567,498
568,498
569,498
570,498
571,498
572,498
573,498
574,498
575,498
576,498
577,498
578,498
579,498
580,498
581,498
582,498
583,498
584,498
585,498
586,498
587,498
588,498
589,498
590,498
591,498
592,498
593,498
594,498
595,498
596,498
597,498
598,498
599,498
600,498
601,498
602,498
603,498
604,498
605,498
606,498
607,498
608,498
609,498
610,498
611,498
612,498
613,498
614,498
615,498
616,498
617,498
618,498
619,498
620,498
621,498
622,498
623,498
624,498
625,498
626,498
627,498
628,498
629,498
630,498
631,498
632,498
440,499
441,499
442,499
443,499
444,499
445,499
446,499
447,499
448,499
449,499
450,499
451,499
452,499
453,499
454,499
455,499
456,499
457,499
458,499
459,499
460,499
461,499
462,499
463,499
464,499
465,499
466,499
467,499
468,499
469,499
470,499
471,499
472,499
473,499
474,499
475,499
476,499
477,499
478,499
479,499
480,499
481,499
482,499
483,499
484,499
485,499
486,499
487,499
488,499
489,499
490,499
491,499
492,499
493,499
494,499
495,499
496,499
497,499
498,499
499,499
500,499
501,499
502,499
503,499
504,499
505,499
506,499
507,499
508,499
509,499
510,499
511,499
512,499
513,499
514,499
515,499
516,499
517,499
518,499
519,499
520,499
521,499
522,499
523,499
524,499
525,499
526,499
527,499
528,499
529,499
530,499
531,499
532,499
533,499
534,499
535,499
536,499
537,499
538,499
539,499
540,499
541,499
542,499
543,499
544,499
545,499
546,499
547,499
548,499
549,499
550,499
551,499
552,499
553,499
554,499
555,499
556,499
557,499
558,499
559,499
560,499
561,499
562,499
563,499
564,499
565,499
566,499
567,499
568,499
569,499
570,499
571,499
572,499
573,499
574,499
575,499
576,499
577,499
578,499
579,499
580,499
581,499
582,499
583,499
584,499
585,499
586,499
587,499
588,499
589,499
590,499
591,499
592,499
593,499
594,499
595,499
596,499
597,499
598,499
599,499
600,499
601,499
602,499
603,499
604,499
605,499
606,499
607,499
608,499
609,499
610,499
611,499
612,499
613,499
614,499
615,499
616,499
617,499
618,499
619,499
620,499
621,499
622,499
623,499
624,499
625,499
626,499
627,499
628,499
629,499
630,499
631,499
632,499
440,500
441,500
442,500
443,500
444,500
445,500
446,500
447,500
448,500
449,500
450,500
451,500
452,500
453,500
454,500
455,500
456,500
457,500
458,500
459,500
460,500
461,500
462,500
463,500
464,500
465,500
466,500
467,500
468,500
469,500
470,500
471,500
472,500
473,500
474,500
475,500
476,500
477,500
478,500
479,500
480,500
481,500
482,500
483,500
484,500
485,500
486,500
487,500
488,500
489,500
490,500
491,500
492,500
493,500
494,500
495,500
496,500
497,500
498,500
499,500
500,500
501,500
502,500
503,500
504,500
505,500
506,500
507,500
508,500
509,500
510,500
511,500
512,500
513,500
514,500
515,500
516,500
517,500
518,500
519,500
520,500
521,500
522,500
523,500
524,500
525,500
526,500
527,500
528,500
529,500
530,500
531,500
532,500
533,500
534,500
535,500
536,500
537,500
538,500
539,500
540,500
541,500
542,500
543,500
544,500
545,500
546,500
547,500
548,500
549,500
550,500
551,500
552,500
553,500
554,500
555,500
556,500
557,500
558,500
559,500
560,500
561,500
562,500
563,500
564,500
565,500
566,500
567,500
568,500
569,500
570,500
571,500
572,500
573,500
574,500
575,500
576,500
577,500
578,500
579,500
580,500
581,500
582,500
583,500
584,500
585,500
586,500
587,500
588,500
589,500
590,500
591,500
592,500
593,500
594,500
595,500
596,500
597,500
598,500
599,500
600,500
601,500
602,500
603,500
604,500
605,500
606,500
607,500
608,500
609,500
610,500
611,500
612,500
613,500
614,500
615,500
616,500
617,500
618,500
619,500
620,500
621,500
622,500
623,500
624,500
625,500
626,500
627,500
628,500
629,500
630,500
631,500
632,500
441,501
442,501
443,501
444,501
445,501
446,501
447,501
448,501
449,501
450,501
451,501
452,501
453,501
454,501
455,501
456,501
457,501
458,501
459,501
460,501
461,501
462,501
463,501
464,501
465,501
466,501
467,501
468,501
469,501
470,501
471,501
472,501
473,501
474,501
475,501
476,501
477,501
478,501
479,501
480,501
481,501
482,501
483,501
484,501
485,501
486,501
487,501
488,501
489,501
490,501
491,501
492,501
493,501
494,501
495,501
496,501
497,501
498,501
499,501
500,501
501,501
502,501
503,501
504,501
505,501
506,501
507,501
508,501
509,501
510,501
511,501
512,501
513,501
514,501
515,501
516,501
517,501
518,501
519,501
520,501
521,501
522,501
523,501
524,501
525,501
526,501
527,501
528,501
529,501
530,501
531,501
532,501
533,501
534,501
535,501
536,501
537,501
538,501
539,501
540,501
541,501
542,501
543,501
544,501
545,501
546,501
547,501
548,501
549,501
550,501
551,501
552,501
553,501
554,501
555,501
556,501
557,501
558,501
559,501
560,501
561,501
562,501
563,501
564,501
565,501
566,501
567,501
568,501
569,501
570,501
571,501
572,501
573,501
574,501
575,501
576,501
577,501
578,501
579,501
580,501
581,501
582,501
583,501
584,501
585,501
586,501
587,501
588,501
589,501
590,501
591,501
592,501
593,501
594,501
595,501
596,501
597,501
598,501
599,501
600,501
601,501
602,501
603,501
604,501
605,501
606,501
607,501
608,501
609,501
610,501
611,501
612,501
613,501
614,501
615,501
616,501
617,501
618,501
619,501
620,501
621,501
622,501
623,501
624,501
625,501
626,501
627,501
628,501
629,501
630,501
631,501
632,501
441,502
442,502
443,502
444,502
445,502
446,502
447,502
448,502
449,502
450,502
451,502
452,502
453,502
454,502
455,502
456,502
457,502
458,502
459,502
460,502
461,502
462,502
463,502
464,502
465,502
466,502
467,502
468,502
469,502
470,502
471,502
472,502
473,502
474,502
475,502
476,502
477,502
478,502
479,502
480,502
481,502
482,502
483,502
484,502
485,502
486,502
487,502
488,502
489,502
490,502
491,502
492,502
493,502
494,502
495,502
496,502
497,502
498,502
499,502
500,502
501,502
502,502
503,502
504,502
505,502
506,502
507,502
508,502
509,502
510,502
511,502
512,502
513,502
514,502
515,502
516,502
517,502
518,502
519,502
520,502
521,502
522,502
523,502
524,502
525,502
526,502
527,502
528,502
529,502
530,502
531,502
532,502
533,502
534,502
535,502
536,502
537,502
538,502
539,502
540,502
541,502
542,502
543,502
544,502
545,502
546,502
547,502
548,502
549,502
550,502
551,502
552,502
553,502
554,502
555,502
556,502
557,502
558,502
559,502
560,502
561,502
562,502
563,502
564,502
565,502
566,502
567,502
568,502
569,502
570,502
571,502
572,502
573,502
574,502
575,502
576,502
577,502
578,502
579,502
580,502
581,502
582,502
583,502
584,502
585,502
586,502
587,502
588,502
589,502
590,502
591,502
592,502
593,502
594,502
595,502
596,502
597,502
598,502
599,502
600,502
601,502
602,502
603,502
604,502
605,502
606,502
607,502
608,502
609,502
610,502
611,502
612,502
613,502
614,502
615,502
616,502
617,502
618,502
619,502
620,502
621,502
622,502
623,502
624,502
625,502
626,502
627,502
628,502
629,502
630,502
631,502
632,502
441,503
442,503
443,503
444,503
445,503
446,503
447,503
448,503
449,503
450,503
451,503
452,503
453,503
454,503
455,503
456,503
457,503
458,503
459,503
460,503
461,503
462,503
463,503
464,503
465,503
466,503
467,503
468,503
469,503
470,503
471,503
472,503
473,503
474,503
475,503
476,503
477,503
478,503
479,503
480,503
481,503
482,503
483,503
484,503
485,503
486,503
487,503
488,503
489,503
490,503
491,503
492,503
493,503
494,503
495,503
496,503
497,503
498,503
499,503
500,503
501,503
502,503
503,503
504,503
505,503
506,503
507,503
508,503
509,503
510,503
511,503
512,503
513,503
514,503
515,503
516,503
517,503
518,503
519,503
520,503
521,503
522,503
523,503
524,503
525,503
526,503
527,503
528,503
529,503
530,503
531,503
532,503
533,503
534,503
535,503
536,503
537,503
538,503
539,503
540,503
541,503
542,503
543,503
544,503
545,503
546,503
547,503
548,503
549,503
550,503
551,503
552,503
553,503
554,503
555,503
556,503
557,503
558,503
559,503
560,503
561,503
562,503
563,503
564,503
565,503
566,503
567,503
568,503
569,503
570,503
571,503
572,503
573,503
574,503
575,503
576,503
577,503
578,503
579,503
580,503
581,503
582,503
583,503
584,503
585,503
586,503
587,503
588,503
589,503
590,503
591,503
592,503
593,503
594,503
595,503
596,503
597,503
598,503
599,503
600,503
601,503
602,503
603,503
604,503
605,503
606,503
607,503
608,503
609,503
610,503
611,503
612,503
613,503
614,503
615,503
616,503
617,503
618,503
619,503
620,503
621,503
622,503
623,503
624,503
625,503
626,503
627,503
628,503
629,503
630,503
631,503
632,503
441,504
442,504
443,504
444,504
445,504
446,504
447,504
448,504
449,504
450,504
451,504
452,504
453,504
454,504
455,504
456,504
457,504
458,504
459,504
460,504
461,504
462,504
463,504
464,504
465,504
466,504
467,504
468,504
469,504
470,504
471,504
472,504
473,504
474,504
475,504
476,504
477,504
478,504
479,504
480,504
481,504
482,504
483,504
484,504
485,504
486,504
487,504
488,504
489,504
490,504
491,504
492,504
493,504
494,504
495,504
496,504
497,504
498,504
499,504
500,504
501,504
502,504
503,504
504,504
505,504
506,504
507,504
508,504
509,504
510,504
511,504
512,504
513,504
514,504
515,504
516,504
517,504
518,504
519,504
520,504
521,504
522,504
523,504
524,504
525,504
526,504
527,504
528,504
529,504
530,504
531,504
532,504
533,504
534,504
535,504
536,504
537,504
538,504
539,504
540,504
541,504
542,504
543,504
544,504
545,504
546,504
547,504
548,504
549,504
550,504
551,504
552,504
553,504
554,504
555,504
556,504
557,504
558,504
559,504
560,504
561,504
562,504
563,504
564,504
565,504
566,504
567,504
568,504
569,504
570,504
571,504
572,504
573,504
574,504
575,504
576,504
577,504
578,504
579,504
580,504
581,504
582,504
583,504
584,504
585,504
586,504
587,504
588,504
589,504
590,504
591,504
592,504
593,504
594,504
595,504
596,504
597,504
598,504
599,504
600,504
601,504
602,504
603,504
604,504
605,504
606,504
607,504
608,504
609,504
610,504
611,504
612,504
613,504
614,504
615,504
616,504
617,504
618,504
619,504
620,504
621,504
622,504
623,504
624,504
625,504
626,504
627,504
628,504
629,504
630,504
631,504
632,504
441,505
442,505
443,505
444,505
445,505
446,505
447,505
448,505
449,505
450,505
451,505
452,505
453,505
454,505
455,505
456,505
457,505
458,505
459,505
460,505
461,505
462,505
463,505
464,505
465,505
466,505
467,505
468,505
469,505
470,505
471,505
472,505
473,505
474,505
475,505
476,505
477,505
478,505
479,505
480,505
481,505
482,505
483,505
484,505
485,505
486,505
487,505
488,505
489,505
490,505
491,505
492,505
493,505
494,505
495,505
496,505
497,505
498,505
499,505
500,505
501,505
502,505
503,505
504,505
505,505
506,505
507,505
508,505
509,505
510,505
511,505
512,505
513,505
514,505
515,505
516,505
517,505
518,505
519,505
520,505
521,505
522,505
523,505
524,505
525,505
526,505
527,505
528,505
529,505
530,505
531,505
532,505
533,505
534,505
535,505
536,505
537,505
538,505
539,505
540,505
541,505
542,505
543,505
544,505
545,505
546,505
547,505
548,505
549,505
550,505
551,505
552,505
553,505
554,505
555,505
556,505
557,505
558,505
559,505
560,505
561,505
562,505
563,505
564,505
565,505
566,505
567,505
568,505
569,505
570,505
571,505
572,505
573,505
574,505
575,505
576,505
577,505
578,505
579,505
580,505
581,505
582,505
583,505
584,505
585,505
586,505
587,505
588,505
589,505
590,505
591,505
592,505
593,505
594,505
595,505
596,505
597,505
598,505
599,505
600,505
601,505
602,505
603,505
604,505
605,505
606,505
607,505
608,505
609,505
610,505
611,505
612,505
613,505
614,505
615,505
616,505
617,505
618,505
619,505
620,505
621,505
622,505
623,505
624,505
625,505
626,505
627,505
628,505
629,505
630,505
631,505
632,505
441,506
442,506
443,506
444,506
445,506
446,506
447,506
448,506
449,506
450,506
451,506
452,506
453,506
454,506
455,506
456,506
457,506
458,506
459,506
460,506
461,506
462,506
463,506
464,506
465,506
466,506
467,506
468,506
469,506
470,506
471,506
472,506
473,506
474,506
475,506
476,506
477,506
478,506
479,506
480,506
481,506
482,506
483,506
484,506
485,506
486,506
487,506
488,506
489,506
490,506
491,506
492,506
493,506
494,506
495,506
496,506
497,506
498,506
499,506
500,506
501,506
502,506
503,506
504,506
505,506
506,506
507,506
508,506
509,506
510,506
511,506
512,506
513,506
514,506
515,506
516,506
517,506
518,506
519,506
520,506
521,506
522,506
523,506
524,506
525,506
526,506
527,506
528,506
529,506
530,506
531,506
532,506
533,506
534,506
535,506
536,506
537,506
538,506
539,506
540,506
541,506
542,506
543,506
544,506
545,506
546,506
547,506
548,506
549,506
550,506
551,506
552,506
553,506
554,506
555,506
556,506
557,506
558,506
559,506
560,506
561,506
562,506
563,506
564,506
565,506
566,506
567,506
568,506
569,506
570,506
571,506
572,506
573,506
574,506
575,506
576,506
577,506
578,506
579,506
580,506
581,506
582,506
583,506
584,506
585,506
586,506
587,506
588,506
589,506
590,506
591,506
592,506
593,506
594,506
595,506
596,506
597,506
598,506
599,506
600,506
601,506
602,506
603,506
604,506
605,506
606,506
607,506
608,506
609,506
610,506
611,506
612,506
613,506
614,506
615,506
616,506
617,506
618,506
619,506
620,506
621,506
622,506
623,506
624,506
625,506
626,506
627,506
628,506
629,506
630,506
631,506
632,506
442,507
443,507
444,507
445,507
446,507
447,507
448,507
449,507
450,507
451,507
452,507
453,507
454,507
455,507
456,507
457,507
458,507
459,507
460,507
461,507
462,507
463,507
464,507
465,507
466,507
467,507
468,507
469,507
470,507
471,507
472,507
473,507
474,507
475,507
476,507
477,507
478,507
479,507
480,507
481,507
482,507
483,507
484,507
485,507
486,507
487,507
488,507
489,507
490,507
491,507
492,507
493,507
494,507
495,507
496,507
497,507
498,507
499,507
500,507
501,507
502,507
503,507
504,507
505,507
506,507
507,507
508,507
509,507
510,507
511,507
512,507
513,507
514,507
515,507
516,507
517,507
518,507
519,507
520,507
521,507
522,507
523,507
524,507
525,507
526,507
527,507
528,507
529,507
530,507
531,507
532,507
533,507
534,507
535,507
536,507
537,507
538,507
539,507
540,507
541,507
542,507
543,507
544,507
545,507
546,507
547,507
548,507
549,507
550,507
551,507
552,507
553,507
554,507
555,507
556,507
557,507
558,507
559,507
560,507
561,507
562,507
563,507
564,507
565,507
566,507
567,507
568,507
569,507
570,507
571,507
572,507
573,507
574,507
575,507
576,507
577,507
578,507
579,507
580,507
581,507
582,507
583,507
584,507
585,507
586,507
587,507
588,507
589,507
590,507
591,507
592,507
593,507
594,507
595,507
596,507
597,507
598,507
599,507
600,507
601,507
602,507
603,507
604,507
605,507
606,507
607,507
608,507
609,507
610,507
611,507
612,507
613,507
614,507
615,507
616,507
617,507
618,507
619,507
620,507
621,507
622,507
623,507
624,507
625,507
626,507
627,507
628,507
629,507
630,507
631,507
632,507
442,508
443,508
444,508
445,508
446,508
447,508
448,508
449,508
450,508
451,508
452,508
453,508
454,508
455,508
456,508
457,508
458,508
459,508
460,508
461,508
462,508
463,508
464,508
465,508
466,508
467,508
468,508
469,508
470,508
471,508
472,508
473,508
474,508
475,508
476,508
477,508
478,508
479,508
480,508
481,508
482,508
483,508
484,508
485,508
486,508
487,508
488,508
489,508
490,508
491,508
492,508
493,508
494,508
495,508
496,508
497,508
498,508
499,508
500,508
501,508
502,508
503,508
504,508
505,508
506,508
507,508
508,508
509,508
510,508
511,508
512,508
513,508
514,508
515,508
516,508
517,508
518,508
519,508
520,508
521,508
522,508
523,508
524,508
525,508
526,508
527,508
528,508
529,508
530,508
531,508
532,508
533,508
534,508
535,508
536,508
537,508
538,508
539,508
540,508
541,508
542,508
543,508
544,508
545,508
546,508
547,508
548,508
549,508
550,508
551,508
552,508
553,508
554,508
555,508
556,508
557,508
558,508
559,508
560,508
561,508
562,508
563,508
564,508
565,508
566,508
567,508
568,508
569,508
570,508
571,508
572,508
573,508
574,508
575,508
576,508
577,508
578,508
579,508
580,508
581,508
582,508
583,508
584,508
585,508
586,508
587,508
588,508
589,508
590,508
591,508
592,508
593,508
594,508
595,508
596,508
597,508
598,508
599,508
600,508
601,508
602,508
603,508
604,508
605,508
606,508
607,508
608,508
609,508
610,508
611,508
612,508
613,508
614,508
615,508
616,508
617,508
618,508
619,508
620,508
621,508
622,508
623,508
624,508
625,508
626,508
627,508
628,508
629,508
630,508
631,508
632,508
442,509
443,509
444,509
445,509
446,509
447,509
448,509
449,509
450,509
451,509
452,509
453,509
454,509
455,509
456,509
457,509
458,509
459,509
460,509
461,509
462,509
463,509
464,509
465,509
466,509
467,509
468,509
469,509
470,509
471,509
472,509
473,509
474,509
475,509
476,509
477,509
478,509
479,509
480,509
481,509
482,509
483,509
484,509
485,509
486,509
487,509
488,509
489,509
490,509
491,509
492,509
493,509
494,509
495,509
496,509
497,509
498,509
499,509
500,509
501,509
502,509
503,509
504,509
505,509
506,509
507,509
508,509
509,509
510,509
511,509
512,509
513,509
514,509
515,509
516,509
517,509
518,509
519,509
520,509
521,509
522,509
523,509
524,509
525,509
526,509
527,509
528,509
529,509
530,509
531,509
532,509
533,509
534,509
535,509
536,509
537,509
538,509
539,509
540,509
541,509
542,509
543,509
544,509
545,509
546,509
547,509
548,509
549,509
550,509
551,509
552,509
553,509
554,509
555,509
556,509
557,509
558,509
559,509
560,509
561,509
562,509
563,509
564,509
565,509
566,509
567,509
568,509
569,509
570,509
571,509
572,509
573,509
574,509
575,509
576,509
577,509
578,509
579,509
580,509
581,509
582,509
583,509
584,509
585,509
586,509
587,509
588,509
589,509
590,509
591,509
592,509
593,509
594,509
595,509
596,509
597,509
598,509
599,509
600,509
601,509
602,509
603,509
604,509
605,509
606,509
607,509
608,509
609,509
610,509
611,509
612,509
613,509
614,509
615,509
616,509
617,509
618,509
619,509
620,509
621,509
622,509
623,509
624,509
625,509
626,509
627,509
628,509
629,509
630,509
631,509
632,509
442,510
443,510
444,510
445,510
446,510
447,510
448,510
449,510
450,510
451,510
452,510
453,510
454,510
455,510
456,510
457,510
458,510
459,510
460,510
461,510
462,510
463,510
464,510
465,510
466,510
467,510
468,510
469,510
470,510
471,510
472,510
473,510
474,510
475,510
476,510
477,510
478,510
479,510
480,510
481,510
482,510
483,510
484,510
485,510
486,510
487,510
488,510
489,510
490,510
491,510
492,510
493,510
494,510
495,510
496,510
497,510
498,510
499,510
500,510
501,510
502,510
503,510
504,510
505,510
506,510
507,510
508,510
509,510
510,510
511,510
512,510
513,510
514,510
515,510
516,510
517,510
518,510
519,510
520,510
521,510
522,510
523,510
524,510
525,510
526,510
527,510
528,510
529,510
530,510
531,510
532,510
533,510
534,510
535,510
536,510
537,510
538,510
539,510
540,510
541,510
542,510
543,510
544,510
545,510
546,510
547,510
548,510
549,510
550,510
551,510
552,510
553,510
554,510
555,510
556,510
557,510
558,510
559,510
560,510
561,510
562,510
563,510
564,510
565,510
566,510
567,510
568,510
569,510
570,510
571,510
572,510
573,510
574,510
575,510
576,510
577,510
578,510
579,510
580,510
581,510
582,510
583,510
584,510
585,510
586,510
587,510
588,510
589,510
590,510
591,510
592,510
593,510
594,510
595,510
596,510
597,510
598,510
599,510
600,510
601,510
602,510
603,510
604,510
605,510
606,510
607,510
608,510
609,510
610,510
611,510
612,510
613,510
614,510
615,510
616,510
617,510
618,510
619,510
620,510
621,510
622,510
623,510
624,510
625,510
626,510
627,510
628,510
629,510
630,510
631,510
632,510
442,511
443,511
444,511
445,511
446,511
447,511
448,511
449,511
450,511
451,511
452,511
453,511
454,511
455,511
456,511
457,511
458,511
459,511
460,511
461,511
462,511
463,511
464,511
465,511
466,511
467,511
468,511
469,511
470,511
471,511
472,511
473,511
474,511
475,511
476,511
477,511
478,511
479,511
480,511
481,511
482,511
483,511
484,511
485,511
486,511
487,511
488,511
489,511
490,511
491,511
492,511
493,511
494,511
495,511
496,511
497,511
498,511
499,511
500,511
501,511
502,511
503,511
504,511
505,511
506,511
507,511
508,511
509,511
510,511
511,511
512,511
513,511
514,511
515,511
516,511
517,511
518,511
519,511
520,511
521,511
522,511
523,511
524,511
525,511
526,511
527,511
528,511
529,511
530,511
531,511
532,511
533,511
534,511
535,511
536,511
537,511
538,511
539,511
540,511
541,511
542,511
543,511
544,511
545,511
546,511
547,511
548,511
549,511
550,511
551,511
552,511
553,511
554,511
555,511
556,511
557,511
558,511
559,511
560,511
561,511
562,511
563,511
564,511
565,511
566,511
567,511
568,511
569,511
570,511
571,511
572,511
573,511
574,511
575,511
576,511
577,511
578,511
579,511
580,511
581,511
582,511
583,511
584,511
585,511
586,511
587,511
588,511
589,511
590,511
591,511
592,511
593,511
594,511
595,511
596,511
597,511
598,511
599,511
600,511
601,511
602,511
603,511
604,511
605,511
606,511
607,511
608,511
609,511
610,511
611,511
612,511
613,511
614,511
615,511
616,511
617,511
618,511
619,511
620,511
621,511
622,511
623,511
624,511
625,511
626,511
627,511
628,511
629,511
630,511
631,511
632,511
443,512
444,512
445,512
446,512
447,512
448,512
449,512
450,512
451,512
452,512
453,512
454,512
455,512
456,512
457,512
458,512
459,512
460,512
461,512
462,512
463,512
464,512
465,512
466,512
467,512
468,512
469,512
470,512
471,512
472,512
473,512
474,512
475,512
476,512
477,512
478,512
479,512
480,512
481,512
482,512
483,512
484,512
485,512
486,512
487,512
488,512
489,512
490,512
491,512
492,512
493,512
494,512
495,512
496,512
497,512
498,512
499,512
500,512
501,512
502,512
503,512
504,512
505,512
506,512
507,512
508,512
509,512
510,512
511,512
512,512
513,512
514,512
515,512
516,512
517,512
518,512
519,512
520,512
521,512
522,512
523,512
524,512
525,512
526,512
527,512
528,512
529,512
530,512
531,512
532,512
533,512
534,512
535,512
536,512
537,512
538,512
539,512
540,512
541,512
542,512
543,512
544,512
545,512
546,512
547,512
548,512
549,512
550,512
551,512
552,512
553,512
554,512
555,512
556,512
557,512
558,512
559,512
560,512
561,512
562,512
563,512
564,512
565,512
566,512
567,512
568,512
569,512
570,512
571,512
572,512
573,512
574,512
575,512
576,512
577,512
578,512
579,512
580,512
581,512
582,512
583,512
584,512
585,512
586,512
587,512
588,512
589,512
590,512
591,512
592,512
593,512
594,512
595,512
596,512
597,512
598,512
599,512
600,512
601,512
602,512
603,512
604,512
605,512
606,512
607,512
608,512
609,512
610,512
611,512
612,512
613,512
614,512
615,512
616,512
617,512
618,512
619,512
620,512
621,512
622,512
623,512
624,512
625,512
626,512
627,512
628,512
629,512
630,512
631,512
632,512
443,513
444,513
445,513
446,513
447,513
448,513
449,513
450,513
451,513
452,513
453,513
454,513
455,513
456,513
457,513
458,513
459,513
460,513
461,513
462,513
463,513
464,513
465,513
466,513
467,513
468,513
469,513
470,513
471,513
472,513
473,513
474,513
475,513
476,513
477,513
478,513
479,513
480,513
481,513
482,513
483,513
484,513
485,513
486,513
487,513
488,513
489,513
490,513
491,513
492,513
493,513
494,513
495,513
496,513
497,513
498,513
499,513
500,513
501,513
502,513
503,513
504,513
505,513
506,513
507,513
508,513
509,513
510,513
511,513
512,513
513,513
514,513
515,513
516,513
517,513
518,513
519,513
520,513
521,513
522,513
523,513
524,513
525,513
526,513
527,513
528,513
529,513
530,513
531,513
532,513
533,513
534,513
535,513
536,513
537,513
538,513
539,513
540,513
541,513
542,513
543,513
544,513
545,513
546,513
547,513
548,513
549,513
550,513
551,513
552,513
553,513
554,513
555,513
556,513
557,513
558,513
559,513
560,513
561,513
562,513
563,513
564,513
565,513
566,513
567,513
568,513
569,513
570,513
571,513
572,513
573,513
574,513
575,513
576,513
577,513
578,513
579,513
580,513
581,513
582,513
583,513
584,513
585,513
586,513
587,513
588,513
589,513
590,513
591,513
592,513
593,513
594,513
595,513
596,513
597,513
598,513
599,513
600,513
601,513
602,513
603,513
604,513
605,513
606,513
607,513
608,513
609,513
610,513
611,513
612,513
613,513
614,513
615,513
616,513
617,513
618,513
619,513
620,513
621,513
622,513
623,513
624,513
625,513
626,513
627,513
628,513
629,513
630,513
631,513
632,513
443,514
444,514
445,514
446,514
447,514
448,514
449,514
450,514
451,514
452,514
453,514
454,514
455,514
456,514
457,514
458,514
459,514
460,514
461,514
462,514
463,514
464,514
465,514
466,514
467,514
468,514
469,514
470,514
471,514
472,514
473,514
474,514
475,514
476,514
477,514
478,514
479,514
480,514
481,514
482,514
483,514
484,514
485,514
486,514
487,514
488,514
489,514
490,514
491,514
492,514
493,514
494,514
495,514
496,514
497,514
498,514
499,514
500,514
501,514
502,514
503,514
504,514
505,514
506,514
507,514
508,514
509,514
510,514
511,514
512,514
513,514
514,514
515,514
516,514
517,514
518,514
519,514
520,514
521,514
522,514
523,514
524,514
525,514
526,514
527,514
528,514
529,514
530,514
531,514
532,514
533,514
534,514
535,514
536,514
537,514
538,514
539,514
540,514
541,514
542,514
543,514
544,514
545,514
546,514
547,514
548,514
549,514
550,514
551,514
552,514
553,514
554,514
555,514
556,514
557,514
558,514
559,514
560,514
561,514
562,514
563,514
564,514
565,514
566,514
567,514
568,514
569,514
570,514
571,514
572,514
573,514
574,514
575,514
576,514
577,514
578,514
579,514
580,514
581,514
582,514
583,514
584,514
585,514
586,514
587,514
588,514
589,514
590,514
591,514
592,514
593,514
594,514
595,514
596,514
597,514
598,514
599,514
600,514
601,514
602,514
603,514
604,514
605,514
606,514
607,514
608,514
609,514
610,514
611,514
612,514
613,514
614,514
615,514
616,514
617,514
618,514
619,514
620,514
621,514
622,514
623,514
624,514
625,514
626,514
627,514
628,514
629,514
630,514
631,514
632,514
443,515
444,515
445,515
446,515
447,515
448,515
449,515
450,515
451,515
452,515
453,515
454,515
455,515
456,515
457,515
458,515
459,515
460,515
461,515
462,515
463,515
464,515
465,515
466,515
467,515
468,515
469,515
470,515
471,515
472,515
473,515
474,515
475,515
476,515
477,515
478,515
479,515
480,515
481,515
482,515
483,515
484,515
485,515
486,515
487,515
488,515
489,515
490,515
491,515
492,515
493,515
494,515
495,515
496,515
497,515
498,515
499,515
500,515
501,515
502,515
503,515
504,515
505,515
506,515
507,515
508,515
509,515
510,515
511,515
512,515
513,515
514,515
515,515
516,515
517,515
518,515
519,515
520,515
521,515
522,515
523,515
524,515
525,515
526,515
527,515
528,515
529,515
530,515
531,515
532,515
533,515
534,515
535,515
536,515
537,515
538,515
539,515
540,515
541,515
542,515
543,515
544,515
545,515
546,515
547,515
548,515
549,515
550,515
551,515
552,515
553,515
554,515
555,515
556,515
557,515
558,515
559,515
560,515
561,515
562,515
563,515
564,515
565,515
566,515
567,515
568,515
569,515
570,515
571,515
572,515
573,515
574,515
575,515
576,515
577,515
578,515
579,515
580,515
581,515
582,515
583,515
584,515
585,515
586,515
587,515
588,515
589,515
590,515
591,515
592,515
593,515
594,515
595,515
596,515
597,515
598,515
599,515
600,515
601,515
602,515
603,515
604,515
605,515
606,515
607,515
608,515
609,515
610,515
611,515
612,515
613,515
614,515
615,515
616,515
617,515
618,515
619,515
620,515
621,515
622,515
623,515
624,515
625,515
626,515
627,515
628,515
629,515
630,515
631,515
632,515
443,516
444,516
445,516
446,516
447,516
448,516
449,516
450,516
451,516
452,516
453,516
454,516
455,516
456,516
457,516
458,516
459,516
460,516
461,516
462,516
463,516
464,516
465,516
466,516
467,516
468,516
469,516
470,516
471,516
472,516
473,516
474,516
475,516
476,516
477,516
478,516
479,516
480,516
481,516
482,516
483,516
484,516
485,516
486,516
487,516
488,516
489,516
490,516
491,516
492,516
493,516
494,516
495,516
496,516
497,516
498,516
499,516
500,516
501,516
502,516
503,516
504,516
505,516
506,516
507,516
508,516
509,516
510,516
511,516
512,516
513,516
514,516
515,516
516,516
517,516
518,516
519,516
520,516
521,516
522,516
523,516
524,516
525,516
526,516
527,516
528,516
529,516
530,516
531,516
532,516
533,516
534,516
535,516
536,516
537,516
538,516
539,516
540,516
541,516
542,516
543,516
544,516
545,516
546,516
547,516
548,516
549,516
550,516
551,516
552,516
553,516
554,516
555,516
556,516
557,516
558,516
559,516
560,516
561,516
562,516
563,516
564,516
565,516
566,516
567,516
568,516
569,516
570,516
571,516
572,516
573,516
574,516
575,516
576,516
577,516
578,516
579,516
580,516
581,516
582,516
583,516
584,516
585,516
586,516
587,516
588,516
589,516
590,516
591,516
592,516
593,516
594,516
595,516
596,516
597,516
598,516
599,516
600,516
601,516
602,516
603,516
604,516
605,516
606,516
607,516
608,516
609,516
610,516
611,516
612,516
613,516
614,516
615,516
616,516
617,516
618,516
619,516
620,516
621,516
622,516
623,516
624,516
625,516
626,516
627,516
628,516
629,516
630,516
631,516
443,517
444,517
445,517
446,517
447,517
448,517
449,517
450,517
451,517
452,517
453,517
454,517
455,517
456,517
457,517
458,517
459,517
460,517
461,517
462,517
463,517
464,517
465,517
466,517
467,517
468,517
469,517
470,517
471,517
472,517
473,517
474,517
475,517
476,517
477,517
478,517
479,517
480,517
481,517
482,517
483,517
484,517
485,517
486,517
487,517
488,517
489,517
490,517
491,517
492,517
493,517
494,517
495,517
496,517
497,517
498,517
499,517
500,517
501,517
502,517
503,517
504,517
505,517
506,517
507,517
508,517
509,517
510,517
511,517
512,517
513,517
514,517
515,517
516,517
517,517
518,517
519,517
520,517
521,517
522,517
523,517
524,517
525,517
526,517
527,517
528,517
529,517
530,517
531,517
532,517
533,517
534,517
535,517
536,517
537,517
538,517
539,517
540,517
541,517
542,517
543,517
544,517
545,517
546,517
547,517
548,517
549,517
550,517
551,517
552,517
553,517
554,517
555,517
556,517
557,517
558,517
559,517
560,517
561,517
562,517
563,517
564,517
565,517
566,517
567,517
568,517
569,517
570,517
571,517
572,517
573,517
574,517
575,517
576,517
577,517
578,517
579,517
580,517
581,517
582,517
583,517
584,517
585,517
586,517
587,517
588,517
589,517
590,517
591,517
592,517
593,517
594,517
595,517
596,517
597,517
598,517
599,517
600,517
601,517
602,517
603,517
604,517
605,517
606,517
607,517
608,517
609,517
610,517
611,517
612,517
613,517
614,517
615,517
616,517
617,517
618,517
619,517
620,517
621,517
622,517
623,517
624,517
625,517
626,517
627,517
628,517
629,517
630,517
631,517
444,518
445,518
446,518
447,518
448,518
449,518
450,518
451,518
452,518
453,518
454,518
455,518
456,518
457,518
458,518
459,518
460,518
461,518
462,518
463,518
464,518
465,518
466,518
467,518
468,518
469,518
470,518
471,518
472,518
473,518
474,518
475,518
476,518
477,518
478,518
479,518
480,518
481,518
482,518
483,518
484,518
485,518
486,518
487,518
488,518
489,518
490,518
491,518
492,518
493,518
494,518
495,518
496,518
497,518
498,518
499,518
500,518
501,518
502,518
503,518
504,518
505,518
506,518
507,518
508,518
509,518
510,518
511,518
512,518
513,518
514,518
515,518
516,518
517,518
518,518
519,518
520,518
521,518
522,518
523,518
524,518
525,518
526,518
527,518
528,518
529,518
530,518
531,518
532,518
533,518
534,518
535,518
536,518
537,518
538,518
539,518
540,518
541,518
542,518
543,518
544,518
545,518
546,518
547,518
548,518
549,518
550,518
551,518
552,518
553,518
554,518
555,518
556,518
557,518
558,518
559,518
560,518
561,518
562,518
563,518
564,518
565,518
566,518
567,518
568,518
569,518
570,518
571,518
572,518
573,518
574,518
575,518
576,518
577,518
578,518
579,518
580,518
581,518
582,518
583,518
584,518
585,518
586,518
587,518
588,518
589,518
590,518
591,518
592,518
593,518
594,518
595,518
596,518
597,518
598,518
599,518
600,518
601,518
602,518
603,518
604,518
605,518
606,518
607,518
608,518
609,518
610,518
611,518
612,518
613,518
614,518
615,518
616,518
617,518
618,518
619,518
620,518
621,518
622,518
623,518
624,518
625,518
626,518
627,518
628,518
629,518
630,518
444,519
445,519
446,519
447,519
448,519
449,519
450,519
451,519
452,519
453,519
454,519
455,519
456,519
457,519
458,519
459,519
460,519
461,519
462,519
463,519
464,519
465,519
466,519
467,519
468,519
469,519
470,519
471,519
472,519
473,519
474,519
475,519
476,519
477,519
478,519
479,519
480,519
481,519
482,519
483,519
484,519
485,519
486,519
487,519
488,519
489,519
490,519
491,519
492,519
493,519
494,519
495,519
496,519
497,519
498,519
499,519
500,519
501,519
502,519
503,519
504,519
505,519
506,519
507,519
508,519
509,519
510,519
511,519
512,519
513,519
514,519
515,519
516,519
517,519
518,519
519,519
520,519
521,519
522,519
523,519
524,519
525,519
526,519
527,519
528,519
529,519
530,519
531,519
532,519
533,519
534,519
535,519
536,519
537,519
538,519
539,519
540,519
541,519
542,519
543,519
544,519
545,519
546,519
547,519
548,519
549,519
550,519
551,519
552,519
553,519
554,519
555,519
556,519
557,519
558,519
559,519
560,519
561,519
562,519
563,519
564,519
565,519
566,519
567,519
568,519
569,519
570,519
571,519
572,519
573,519
574,519
575,519
576,519
577,519
578,519
579,519
580,519
581,519
582,519
583,519
584,519
585,519
586,519
587,519
588,519
589,519
590,519
591,519
592,519
593,519
594,519
595,519
596,519
597,519
598,519
599,519
600,519
601,519
602,519
603,519
604,519
605,519
606,519
607,519
608,519
609,519
610,519
611,519
612,519
613,519
614,519
615,519
616,519
617,519
618,519
619,519
620,519
621,519
622,519
623,519
624,519
625,519
626,519
627,519
628,519
629,519
630,519
444,520
445,520
446,520
447,520
448,520
449,520
450,520
451,520
452,520
453,520
454,520
455,520
456,520
457,520
458,520
459,520
460,520
461,520
462,520
463,520
464,520
465,520
466,520
467,520
468,520
469,520
470,520
471,520
472,520
473,520
474,520
475,520
476,520
477,520
478,520
479,520
480,520
481,520
482,520
483,520
484,520
485,520
486,520
487,520
488,520
489,520
490,520
491,520
492,520
493,520
494,520
495,520
496,520
497,520
498,520
499,520
500,520
501,520
502,520
503,520
504,520
505,520
506,520
507,520
508,520
509,520
510,520
511,520
512,520
513,520
514,520
515,520
516,520
517,520
518,520
519,520
520,520
521,520
522,520
523,520
524,520
525,520
526,520
527,520
528,520
529,520
530,520
531,520
532,520
533,520
534,520
535,520
536,520
537,520
538,520
539,520
540,520
541,520
542,520
543,520
544,520
545,520
546,520
547,520
548,520
549,520
550,520
551,520
552,520
553,520
554,520
555,520
556,520
557,520
558,520
559,520
560,520
561,520
562,520
563,520
564,520
565,520
566,520
567,520
568,520
569,520
570,520
571,520
572,520
573,520
574,520
575,520
576,520
577,520
578,520
579,520
580,520
581,520
582,520
583,520
584,520
585,520
586,520
587,520
588,520
589,520
590,520
591,520
592,520
593,520
594,520
595,520
596,520
597,520
598,520
599,520
600,520
601,520
602,520
603,520
604,520
605,520
606,520
607,520
608,520
609,520
610,520
611,520
612,520
613,520
614,520
615,520
616,520
617,520
618,520
619,520
620,520
621,520
622,520
623,520
624,520
625,520
626,520
627,520
628,520
629,520
444,521
445,521
446,521
447,521
448,521
449,521
450,521
451,521
452,521
453,521
454,521
455,521
456,521
457,521
458,521
459,521
460,521
461,521
462,521
463,521
464,521
465,521
466,521
467,521
468,521
469,521
470,521
471,521
472,521
473,521
474,521
475,521
476,521
477,521
478,521
479,521
480,521
481,521
482,521
483,521
484,521
485,521
486,521
487,521
488,521
489,521
490,521
491,521
492,521
493,521
494,521
495,521
496,521
497,521
498,521
499,521
500,521
501,521
502,521
503,521
504,521
505,521
506,521
507,521
508,521
509,521
510,521
511,521
512,521
513,521
514,521
515,521
516,521
517,521
518,521
519,521
520,521
521,521
522,521
523,521
524,521
525,521
526,521
527,521
528,521
529,521
530,521
531,521
532,521
533,521
534,521
535,521
536,521
537,521
538,521
539,521
540,521
541,521
542,521
543,521
544,521
545,521
546,521
547,521
548,521
549,521
550,521
551,521
552,521
553,521
554,521
555,521
556,521
557,521
558,521
559,521
560,521
561,521
562,521
563,521
564,521
565,521
566,521
567,521
568,521
569,521
570,521
571,521
572,521
573,521
574,521
575,521
576,521
577,521
578,521
579,521
580,521
581,521
582,521
583,521
584,521
585,521
586,521
587,521
588,521
589,521
590,521
591,521
592,521
593,521
594,521
595,521
596,521
597,521
598,521
599,521
600,521
601,521
602,521
603,521
604,521
605,521
606,521
607,521
608,521
609,521
610,521
611,521
612,521
613,521
614,521
615,521
616,521
617,521
618,521
619,521
620,521
621,521
622,521
623,521
624,521
625,521
626,521
627,521
628,521
629,521
444,522
445,522
446,522
447,522
448,522
449,522
450,522
451,522
452,522
453,522
454,522
455,522
456,522
457,522
458,522
459,522
460,522
461,522
462,522
463,522
464,522
465,522
466,522
467,522
468,522
469,522
470,522
471,522
472,522
473,522
474,522
475,522
476,522
477,522
478,522
479,522
480,522
481,522
482,522
483,522
484,522
485,522
486,522
487,522
488,522
489,522
490,522
491,522
492,522
493,522
494,522
495,522
496,522
497,522
498,522
499,522
500,522
501,522
502,522
503,522
504,522
505,522
506,522
507,522
508,522
509,522
510,522
511,522
512,522
513,522
514,522
515,522
516,522
517,522
518,522
519,522
520,522
521,522
522,522
523,522
524,522
525,522
526,522
527,522
528,522
529,522
530,522
531,522
532,522
533,522
534,522
535,522
536,522
537,522
538,522
539,522
540,522
541,522
542,522
543,522
544,522
545,522
546,522
547,522
548,522
549,522
550,522
551,522
552,522
553,522
554,522
555,522
556,522
557,522
558,522
559,522
560,522
561,522
562,522
563,522
564,522
565,522
566,522
567,522
568,522
569,522
570,522
571,522
572,522
573,522
574,522
575,522
576,522
577,522
578,522
579,522
580,522
581,522
582,522
583,522
584,522
585,522
586,522
587,522
588,522
589,522
590,522
591,522
592,522
593,522
594,522
595,522
596,522
597,522
598,522
599,522
600,522
601,522
602,522
603,522
604,522
605,522
606,522
607,522
608,522
609,522
610,522
611,522
612,522
613,522
614,522
615,522
616,522
617,522
618,522
619,522
620,522
621,522
622,522
623,522
624,522
625,522
626,522
627,522
628,522
444,523
445,523
446,523
447,523
448,523
449,523
450,523
451,523
452,523
453,523
454,523
455,523
456,523
457,523
458,523
459,523
460,523
461,523
462,523
463,523
464,523
465,523
466,523
467,523
468,523
469,523
470,523
471,523
472,523
473,523
474,523
475,523
476,523
477,523
478,523
479,523
480,523
481,523
482,523
483,523
484,523
485,523
486,523
487,523
488,523
489,523
490,523
491,523
492,523
493,523
494,523
495,523
496,523
497,523
498,523
499,523
500,523
501,523
502,523
503,523
504,523
505,523
506,523
507,523
508,523
509,523
510,523
511,523
512,523
513,523
514,523
515,523
516,523
517,523
518,523
519,523
520,523
521,523
522,523
523,523
524,523
525,523
526,523
527,523
528,523
529,523
530,523
531,523
532,523
533,523
534,523
535,523
536,523
537,523
538,523
539,523
540,523
541,523
542,523
543,523
544,523
545,523
546,523
547,523
548,523
549,523
550,523
551,523
552,523
553,523
554,523
555,523
556,523
557,523
558,523
559,523
560,523
561,523
562,523
563,523
564,523
565,523
566,523
567,523
568,523
569,523
570,523
571,523
572,523
573,523
574,523
575,523
576,523
577,523
578,523
579,523
580,523
581,523
582,523
583,523
584,523
585,523
586,523
587,523
588,523
589,523
590,523
591,523
592,523
593,523
594,523
595,523
596,523
597,523
598,523
599,523
600,523
601,523
602,523
603,523
604,523
605,523
606,523
607,523
608,523
609,523
610,523
611,523
612,523
613,523
614,523
615,523
616,523
617,523
618,523
619,523
620,523
621,523
622,523
623,523
624,523
625,523
626,523
627,523
628,523
445,524
446,524
447,524
448,524
449,524
450,524
451,524
452,524
453,524
454,524
455,524
456,524
457,524
458,524
459,524
460,524
461,524
462,524
463,524
464,524
465,524
466,524
467,524
468,524
469,524
470,524
471,524
472,524
473,524
474,524
475,524
476,524
477,524
478,524
479,524
480,524
481,524
482,524
483,524
484,524
485,524
486,524
487,524
488,524
489,524
490,524
491,524
492,524
493,524
494,524
495,524
496,524
497,524
498,524
499,524
500,524
501,524
502,524
503,524
504,524
505,524
506,524
507,524
508,524
509,524
510,524
511,524
512,524
513,524
514,524
515,524
516,524
517,524
518,524
519,524
520,524
521,524
522,524
523,524
524,524
525,524
526,524
527,524
528,524
529,524
530,524
531,524
532,524
533,524
534,524
535,524
536,524
537,524
538,524
539,524
540,524
541,524
542,524
543,524
544,524
545,524
546,524
547,524
548,524
549,524
550,524
551,524
552,524
553,524
554,524
555,524
556,524
557,524
558,524
559,524
560,524
561,524
562,524
563,524
564,524
565,524
566,524
567,524
568,524
569,524
570,524
571,524
572,524
573,524
574,524
575,524
576,524
577,524
578,524
579,524
580,524
581,524
582,524
583,524
584,524
585,524
586,524
587,524
588,524
589,524
590,524
591,524
592,524
593,524
594,524
595,524
596,524
597,524
598,524
599,524
600,524
601,524
602,524
603,524
604,524
605,524
606,524
607,524
608,524
609,524
610,524
611,524
612,524
613,524
614,524
615,524
616,524
617,524
618,524
619,524
620,524
621,524
622,524
623,524
624,524
625,524
626,524
627,524
445,525
446,525
447,525
448,525
449,525
450,525
451,525
452,525
453,525
454,525
455,525
456,525
457,525
458,525
459,525
460,525
461,525
462,525
463,525
464,525
465,525
466,525
467,525
468,525
469,525
470,525
471,525
472,525
473,525
474,525
475,525
476,525
477,525
478,525
479,525
480,525
481,525
482,525
483,525
484,525
485,525
486,525
487,525
488,525
489,525
490,525
491,525
492,525
493,525
494,525
495,525
496,525
497,525
498,525
499,525
500,525
501,525
502,525
503,525
504,525
505,525
506,525
507,525
508,525
509,525
510,525
511,525
512,525
513,525
514,525
515,525
516,525
517,525
518,525
519,525
520,525
521,525
522,525
523,525
524,525
525,525
526,525
527,525
528,525
529,525
530,525
531,525
532,525
533,525
534,525
535,525
536,525
537,525
538,525
539,525
540,525
541,525
542,525
543,525
544,525
545,525
546,525
547,525
548,525
549,525
550,525
551,525
552,525
553,525
554,525
555,525
556,525
557,525
558,525
559,525
560,525
561,525
562,525
563,525
564,525
565,525
566,525
567,525
568,525
569,525
570,525
571,525
572,525
573,525
574,525
575,525
576,525
577,525
578,525
579,525
580,525
581,525
582,525
583,525
584,525
585,525
586,525
587,525
588,525
589,525
590,525
591,525
592,525
593,525
594,525
595,525
596,525
597,525
598,525
599,525
600,525
601,525
602,525
603,525
604,525
605,525
606,525
607,525
608,525
609,525
610,525
611,525
612,525
613,525
614,525
615,525
616,525
617,525
618,525
619,525
620,525
621,525
622,525
623,525
624,525
625,525
626,525
627,525
445,526
446,526
447,526
448,526
449,526
450,526
451,526
452,526
453,526
454,526
455,526
456,526
457,526
458,526
459,526
460,526
461,526
462,526
463,526
464,526
465,526
466,526
467,526
468,526
469,526
470,526
471,526
472,526
473,526
474,526
475,526
476,526
477,526
478,526
479,526
480,526
481,526
482,526
483,526
484,526
485,526
486,526
487,526
488,526
489,526
490,526
491,526
492,526
493,526
494,526
495,526
496,526
497,526
498,526
499,526
500,526
501,526
502,526
503,526
504,526
505,526
506,526
507,526
508,526
509,526
510,526
511,526
512,526
513,526
514,526
515,526
516,526
517,526
518,526
519,526
520,526
521,526
522,526
523,526
524,526
525,526
526,526
527,526
528,526
529,526
530,526
531,526
532,526
533,526
534,526
535,526
536,526
537,526
538,526
539,526
540,526
541,526
542,526
543,526
544,526
545,526
546,526
547,526
548,526
549,526
550,526
551,526
552,526
553,526
554,526
555,526
556,526
557,526
558,526
559,526
560,526
561,526
562,526
563,526
564,526
565,526
566,526
567,526
568,526
569,526
570,526
571,526
572,526
573,526
574,526
575,526
576,526
577,526
578,526
579,526
580,526
581,526
582,526
583,526
584,526
585,526
586,526
587,526
588,526
589,526
590,526
591,526
592,526
593,526
594,526
595,526
596,526
597,526
598,526
599,526
600,526
601,526
602,526
603,526
604,526
605,526
606,526
607,526
608,526
609,526
610,526
611,526
612,526
613,526
614,526
615,526
616,526
617,526
618,526
619,526
620,526
621,526
622,526
623,526
624,526
625,526
626,526
445,527
446,527
447,527
448,527
449,527
450,527
451,527
452,527
453,527
454,527
455,527
456,527
457,527
458,527
459,527
460,527
461,527
462,527
463,527
464,527
465,527
466,527
467,527
468,527
469,527
470,527
471,527
472,527
473,527
474,527
475,527
476,527
477,527
478,527
479,527
480,527
481,527
482,527
483,527
484,527
485,527
486,527
487,527
488,527
489,527
490,527
491,527
492,527
493,527
494,527
495,527
496,527
497,527
498,527
499,527
500,527
501,527
502,527
503,527
504,527
505,527
506,527
507,527
508,527
509,527
510,527
511,527
512,527
513,527
514,527
515,527
516,527
517,527
518,527
519,527
520,527
521,527
522,527
523,527
524,527
525,527
526,527
527,527
528,527
529,527
530,527
531,527
532,527
533,527
534,527
535,527
536,527
537,527
538,527
539,527
540,527
541,527
542,527
543,527
544,527
545,527
546,527
547,527
548,527
549,527
550,527
551,527
552,527
553,527
554,527
555,527
556,527
557,527
558,527
559,527
560,527
561,527
562,527
563,527
564,527
565,527
566,527
567,527
568,527
569,527
570,527
571,527
572,527
573,527
574,527
575,527
576,527
577,527
578,527
579,527
580,527
581,527
582,527
583,527
584,527
585,527
586,527
587,527
588,527
589,527
590,527
591,527
592,527
593,527
594,527
595,527
596,527
597,527
598,527
599,527
600,527
601,527
602,527
603,527
604,527
605,527
606,527
607,527
608,527
609,527
610,527
611,527
612,527
613,527
614,527
615,527
616,527
617,527
618,527
619,527
620,527
621,527
622,527
623,527
624,527
625,527
626,527
445,528
446,528
447,528
448,528
449,528
450,528
451,528
452,528
453,528
454,528
455,528
456,528
457,528
458,528
459,528
460,528
461,528
462,528
463,528
464,528
465,528
466,528
467,528
468,528
469,528
470,528
471,528
472,528
473,528
474,528
475,528
476,528
477,528
478,528
479,528
480,528
481,528
482,528
483,528
484,528
485,528
486,528
487,528
488,528
489,528
490,528
491,528
492,528
493,528
494,528
495,528
496,528
497,528
498,528
499,528
500,528
501,528
502,528
503,528
504,528
505,528
506,528
507,528
508,528
509,528
510,528
511,528
512,528
513,528
514,528
515,528
516,528
517,528
518,528
519,528
520,528
521,528
522,528
523,528
524,528
525,528
526,528
527,528
528,528
529,528
530,528
531,528
532,528
533,528
534,528
535,528
536,528
537,528
538,528
539,528
540,528
541,528
542,528
543,528
544,528
545,528
546,528
547,528
548,528
549,528
550,528
551,528
552,528
553,528
554,528
555,528
556,528
557,528
558,528
559,528
560,528
561,528
562,528
563,528
564,528
565,528
566,528
567,528
568,528
569,528
570,528
571,528
572,528
573,528
574,528
575,528
576,528
577,528
578,528
579,528
580,528
581,528
582,528
583,528
584,528
585,528
586,528
587,528
588,528
589,528
590,528
591,528
592,528
593,528
594,528
595,528
596,528
597,528
598,528
599,528
600,528
601,528
602,528
603,528
604,528
605,528
606,528
607,528
608,528
609,528
610,528
611,528
612,528
613,528
614,528
615,528
616,528
617,528
618,528
619,528
620,528
621,528
622,528
623,528
624,528
625,528
446,529
447,529
448,529
449,529
450,529
451,529
452,529
453,529
454,529
455,529
456,529
457,529
458,529
459,529
460,529
461,529
462,529
463,529
464,529
465,529
466,529
467,529
468,529
469,529
470,529
471,529
472,529
473,529
474,529
475,529
476,529
477,529
478,529
479,529
480,529
481,529
482,529
483,529
484,529
485,529
486,529
487,529
488,529
489,529
490,529
491,529
492,529
493,529
494,529
495,529
496,529
497,529
498,529
499,529
500,529
501,529
502,529
503,529
504,529
505,529
506,529
507,529
508,529
509,529
510,529
511,529
512,529
513,529
514,529
515,529
516,529
517,529
518,529
519,529
520,529
521,529
522,529
523,529
524,529
525,529
526,529
527,529
528,529
529,529
530,529
531,529
532,529
533,529
534,529
535,529
536,529
537,529
538,529
539,529
540,529
541,529
542,529
543,529
544,529
545,529
546,529
547,529
548,529
549,529
550,529
551,529
552,529
553,529
554,529
555,529
556,529
557,529
558,529
559,529
560,529
561,529
562,529
563,529
564,529
565,529
566,529
567,529
568,529
569,529
570,529
571,529
572,529
573,529
574,529
575,529
576,529
577,529
578,529
579,529
580,529
581,529
582,529
583,529
584,529
585,529
586,529
587,529
588,529
589,529
590,529
591,529
592,529
593,529
594,529
595,529
596,529
597,529
598,529
599,529
600,529
601,529
602,529
603,529
604,529
605,529
606,529
607,529
608,529
609,529
610,529
611,529
612,529
613,529
614,529
615,529
616,529
617,529
618,529
619,529
620,529
621,529
622,529
623,529
624,529
625,529
446,530
447,530
448,530
449,530
450,530
451,530
452,530
453,530
454,530
455,530
456,530
457,530
458,530
459,530
460,530
461,530
462,530
463,530
464,530
465,530
466,530
467,530
468,530
469,530
470,530
471,530
472,530
473,530
474,530
475,530
476,530
477,530
478,530
479,530
480,530
481,530
482,530
483,530
484,530
485,530
486,530
487,530
488,530
489,530
490,530
491,530
492,530
493,530
494,530
495,530
496,530
497,530
498,530
499,530
500,530
501,530
502,530
503,530
504,530
505,530
506,530
507,530
508,530
509,530
510,530
511,530
512,530
513,530
514,530
515,530
516,530
517,530
518,530
519,530
520,530
521,530
522,530
523,530
524,530
525,530
526,530
527,530
528,530
529,530
530,530
531,530
532,530
533,530
534,530
535,530
536,530
537,530
538,530
539,530
540,530
541,530
542,530
543,530
544,530
545,530
546,530
547,530
548,530
549,530
550,530
551,530
552,530
553,530
554,530
555,530
556,530
557,530
558,530
559,530
560,530
561,530
562,530
563,530
564,530
565,530
566,530
567,530
568,530
569,530
570,530
571,530
572,530
573,530
574,530
575,530
576,530
577,530
578,530
579,530
580,530
581,530
582,530
583,530
584,530
585,530
586,530
587,530
588,530
589,530
590,530
591,530
592,530
593,530
594,530
595,530
596,530
597,530
598,530
599,530
600,530
601,530
602,530
603,530
604,530
605,530
606,530
607,530
608,530
609,530
610,530
611,530
612,530
613,530
614,530
615,530
616,530
617,530
618,530
619,530
620,530
621,530
622,530
623,530
624,530
446,531
447,531
448,531
449,531
450,531
451,531
452,531
453,531
454,531
455,531
456,531
457,531
458,531
459,531
460,531
461,531
462,531
463,531
464,531
465,531
466,531
467,531
468,531
469,531
470,531
471,531
472,531
473,531
474,531
475,531
476,531
477,531
478,531
479,531
480,531
481,531
482,531
483,531
484,531
485,531
486,531
487,531
488,531
489,531
490,531
491,531
492,531
493,531
494,531
495,531
496,531
497,531
498,531
499,531
500,531
501,531
502,531
503,531
504,531
505,531
506,531
507,531
508,531
509,531
510,531
511,531
512,531
513,531
514,531
515,531
516,531
517,531
518,531
519,531
520,531
521,531
522,531
523,531
524,531
525,531
526,531
527,531
528,531
529,531
530,531
531,531
532,531
533,531
534,531
535,531
536,531
537,531
538,531
539,531
540,531
541,531
542,531
543,531
544,531
545,531
546,531
547,531
548,531
549,531
550,531
551,531
552,531
553,531
554,531
555,531
556,531
557,531
558,531
559,531
560,531
561,531
562,531
563,531
564,531
565,531
566,531
567,531
568,531
569,531
570,531
571,531
572,531
573,531
574,531
575,531
576,531
577,531
578,531
579,531
580,531
581,531
582,531
583,531
584,531
585,531
586,531
587,531
588,531
589,531
590,531
591,531
592,531
593,531
594,531
595,531
596,531
597,531
598,531
599,531
600,531
601,531
602,531
603,531
604,531
605,531
606,531
607,531
608,531
609,531
610,531
611,531
612,531
613,531
614,531
615,531
616,531
617,531
618,531
619,531
620,531
621,531
622,531
623,531
624,531
446,532
447,532
448,532
449,532
450,532
451,532
452,532
453,532
454,532
455,532
456,532
457,532
458,532
459,532
460,532
461,532
462,532
463,532
464,532
465,532
466,532
467,532
468,532
469,532
470,532
471,532
472,532
473,532
474,532
475,532
476,532
477,532
478,532
479,532
480,532
481,532
482,532
483,532
484,532
485,532
486,532
487,532
488,532
489,532
490,532
491,532
492,532
493,532
494,532
495,532
496,532
497,532
498,532
499,532
500,532
501,532
502,532
503,532
504,532
505,532
506,532
507,532
508,532
509,532
510,532
511,532
512,532
513,532
514,532
515,532
516,532
517,532
518,532
519,532
520,532
521,532
522,532
523,532
524,532
525,532
526,532
527,532
528,532
529,532
530,532
531,532
532,532
533,532
534,532
535,532
536,532
537,532
538,532
539,532
540,532
541,532
542,532
543,532
544,532
545,532
546,532
547,532
548,532
549,532
550,532
551,532
552,532
553,532
554,532
555,532
556,532
557,532
558,532
559,532
560,532
561,532
562,532
563,532
564,532
565,532
566,532
567,532
568,532
569,532
570,532
571,532
572,532
573,532
574,532
575,532
576,532
577,532
578,532
579,532
580,532
581,532
582,532
583,532
584,532
585,532
586,532
587,532
588,532
589,532
590,532
591,532
592,532
593,532
594,532
595,532
596,532
597,532
598,532
599,532
600,532
601,532
602,532
603,532
604,532
605,532
606,532
607,532
608,532
609,532
610,532
611,532
612,532
613,532
614,532
615,532
616,532
617,532
618,532
619,532
620,532
621,532
622,532
623,532
446,533
447,533
448,533
449,533
450,533
451,533
452,533
453,533
454,533
455,533
456,533
457,533
458,533
459,533
460,533
461,533
462,533
463,533
464,533
465,533
466,533
467,533
468,533
469,533
470,533
471,533
472,533
473,533
474,533
475,533
476,533
477,533
478,533
479,533
480,533
481,533
482,533
483,533
484,533
485,533
486,533
487,533
488,533
489,533
490,533
491,533
492,533
493,533
494,533
495,533
496,533
497,533
498,533
499,533
500,533
501,533
502,533
503,533
504,533
505,533
506,533
507,533
508,533
509,533
510,533
511,533
512,533
513,533
514,533
515,533
516,533
517,533
518,533
519,533
520,533
521,533
522,533
523,533
524,533
525,533
526,533
527,533
528,533
529,533
530,533
531,533
532,533
533,533
534,533
535,533
536,533
537,533
538,533
539,533
540,533
541,533
542,533
543,533
544,533
545,533
546,533
547,533
548,533
549,533
550,533
551,533
552,533
553,533
554,533
555,533
556,533
557,533
558,533
559,533
560,533
561,533
562,533
563,533
564,533
565,533
566,533
567,533
568,533
569,533
570,533
571,533
572,533
573,533
574,533
575,533
576,533
577,533
578,533
579,533
580,533
581,533
582,533
583,533
584,533
585,533
586,533
587,533
588,533
589,533
590,533
591,533
592,533
593,533
594,533
595,533
596,533
597,533
598,533
599,533
600,533
601,533
602,533
603,533
604,533
605,533
606,533
607,533
608,533
609,533
610,533
611,533
612,533
613,533
614,533
615,533
616,533
617,533
618,533
619,533
620,533
621,533
622,533
623,533
446,534
447,534
448,534
449,534
450,534
451,534
452,534
453,534
454,534
455,534
456,534
457,534
458,534
459,534
460,534
461,534
462,534
463,534
464,534
465,534
466,534
467,534
468,534
469,534
470,534
471,534
472,534
473,534
474,534
475,534
476,534
477,534
478,534
479,534
480,534
481,534
482,534
483,534
484,534
485,534
486,534
487,534
488,534
489,534
490,534
491,534
492,534
493,534
494,534
495,534
496,534
497,534
498,534
499,534
500,534
501,534
502,534
503,534
504,534
505,534
506,534
507,534
508,534
509,534
510,534
511,534
512,534
513,534
514,534
515,534
516,534
517,534
518,534
519,534
520,534
521,534
522,534
523,534
524,534
525,534
526,534
527,534
528,534
529,534
530,534
531,534
532,534
533,534
534,534
535,534
536,534
537,534
538,534
539,534
540,534
541,534
542,534
543,534
544,534
545,534
546,534
547,534
548,534
549,534
550,534
551,534
552,534
553,534
554,534
555,534
556,534
557,534
558,534
559,534
560,534
561,534
562,534
563,534
564,534
565,534
566,534
567,534
568,534
569,534
570,534
571,534
572,534
573,534
574,534
575,534
576,534
577,534
578,534
579,534
580,534
581,534
582,534
583,534
584,534
585,534
586,534
587,534
588,534
589,534
590,534
591,534
592,534
593,534
594,534
595,534
596,534
597,534
598,534
599,534
600,534
601,534
602,534
603,534
604,534
605,534
606,534
607,534
608,534
609,534
610,534
611,534
612,534
613,534
614,534
615,534
616,534
617,534
618,534
619,534
620,534
621,534
622,534
447,535
448,535
449,535
450,535
451,535
452,535
453,535
454,535
455,535
456,535
457,535
458,535
459,535
460,535
461,535
462,535
463,535
464,535
465,535
466,535
467,535
468,535
469,535
470,535
471,535
472,535
473,535
474,535
475,535
476,535
477,535
478,535
479,535
480,535
481,535
482,535
483,535
484,535
485,535
486,535
487,535
488,535
489,535
490,535
491,535
492,535
493,535
494,535
495,535
496,535
497,535
498,535
499,535
500,535
501,535
502,535
503,535
504,535
505,535
506,535
507,535
508,535
509,535
510,535
511,535
512,535
513,535
514,535
515,535
516,535
517,535
518,535
519,535
520,535
521,535
522,535
523,535
524,535
525,535
526,535
527,535
528,535
529,535
530,535
531,535
532,535
533,535
534,535
535,535
536,535
537,535
538,535
539,535
540,535
541,535
542,535
543,535
544,535
545,535
546,535
547,535
548,535
549,535
550,535
551,535
552,535
553,535
554,535
555,535
556,535
557,535
558,535
559,535
560,535
561,535
562,535
563,535
564,535
565,535
566,535
567,535
568,535
569,535
570,535
571,535
572,535
573,535
574,535
575,535
576,535
577,535
578,535
579,535
580,535
581,535
582,535
583,535
584,535
585,535
586,535
587,535
588,535
589,535
590,535
591,535
592,535
593,535
594,535
595,535
596,535
597,535
598,535
599,535
600,535
601,535
602,535
603,535
604,535
605,535
606,535
607,535
608,535
609,535
610,535
611,535
612,535
613,535
614,535
615,535
616,535
617,535
618,535
619,535
620,535
621,535
622,535
447,536
448,536
449,536
450,536
451,536
452,536
453,536
454,536
455,536
456,536
457,536
458,536
459,536
460,536
461,536
462,536
463,536
464,536
465,536
466,536
467,536
468,536
469,536
470,536
471,536
472,536
473,536
474,536
475,536
476,536
477,536
478,536
479,536
480,536
481,536
482,536
483,536
484,536
485,536
486,536
487,536
488,536
489,536
490,536
491,536
492,536
493,536
494,536
495,536
496,536
497,536
498,536
499,536
500,536
501,536
502,536
503,536
504,536
505,536
506,536
507,536
508,536
509,536
510,536
511,536
512,536
513,536
514,536
515,536
516,536
517,536
518,536
519,536
520,536
521,536
522,536
523,536
524,536
525,536
526,536
527,536
528,536
529,536
530,536
531,536
532,536
533,536
534,536
535,536
536,536
537,536
538,536
539,536
540,536
541,536
542,536
543,536
544,536
545,536
546,536
547,536
548,536
549,536
550,536
551,536
552,536
553,536
554,536
555,536
556,536
557,536
558,536
559,536
560,536
561,536
562,536
563,536
564,536
565,536
566,536
567,536
568,536
569,536
570,536
571,536
572,536
573,536
574,536
575,536
576,536
577,536
578,536
579,536
580,536
581,536
582,536
583,536
584,536
585,536
586,536
587,536
588,536
589,536
590,536
591,536
592,536
593,536
594,536
595,536
596,536
597,536
598,536
599,536
600,536
601,536
602,536
603,536
604,536
605,536
606,536
607,536
608,536
609,536
610,536
611,536
612,536
613,536
614,536
615,536
616,536
617,536
618,536
619,536
620,536
621,536
447,537
448,537
449,537
450,537
451,537
452,537
453,537
454,537
455,537
456,537
457,537
458,537
459,537
460,537
461,537
462,537
463,537
464,537
465,537
466,537
467,537
468,537
469,537
470,537
471,537
472,537
473,537
474,537
475,537
476,537
477,537
478,537
479,537
480,537
481,537
482,537
483,537
484,537
485,537
486,537
487,537
488,537
489,537
490,537
491,537
492,537
493,537
494,537
495,537
496,537
497,537
498,537
499,537
500,537
501,537
502,537
503,537
504,537
505,537
506,537
507,537
508,537
509,537
510,537
511,537
512,537
513,537
514,537
515,537
516,537
517,537
518,537
519,537
520,537
521,537
522,537
523,537
524,537
525,537
526,537
527,537
528,537
529,537
530,537
531,537
532,537
533,537
534,537
535,537
536,537
537,537
538,537
539,537
540,537
541,537
542,537
543,537
544,537
545,537
546,537
547,537
548,537
549,537
550,537
551,537
552,537
553,537
554,537
555,537
556,537
557,537
558,537
559,537
560,537
561,537
562,537
563,537
564,537
565,537
566,537
567,537
568,537
569,537
570,537
571,537
572,537
573,537
574,537
575,537
576,537
577,537
578,537
579,537
580,537
581,537
582,537
583,537
584,537
585,537
586,537
587,537
588,537
589,537
590,537
591,537
592,537
593,537
594,537
595,537
596,537
597,537
598,537
599,537
600,537
601,537
602,537
603,537
604,537
605,537
606,537
607,537
608,537
609,537
610,537
611,537
612,537
613,537
614,537
615,537
616,537
617,537
618,537
619,537
620,537
621,537
447,538
448,538
449,538
450,538
451,538
452,538
453,538
454,538
455,538
456,538
457,538
458,538
459,538
460,538
461,538
462,538
463,538
464,538
465,538
466,538
467,538
468,538
469,538
470,538
471,538
472,538
473,538
474,538
475,538
476,538
477,538
478,538
479,538
480,538
481,538
482,538
483,538
484,538
485,538
486,538
487,538
488,538
489,538
490,538
491,538
492,538
493,538
494,538
495,538
496,538
497,538
498,538
499,538
500,538
501,538
502,538
503,538
504,538
505,538
506,538
507,538
508,538
509,538
510,538
511,538
512,538
513,538
514,538
515,538
516,538
517,538
518,538
519,538
520,538
521,538
522,538
523,538
524,538
525,538
526,538
527,538
528,538
529,538
530,538
531,538
532,538
533,538
534,538
535,538
536,538
537,538
538,538
539,538
540,538
541,538
542,538
543,538
544,538
545,538
546,538
547,538
548,538
549,538
550,538
551,538
552,538
553,538
554,538
555,538
556,538
557,538
558,538
559,538
560,538
561,538
562,538
563,538
564,538
565,538
566,538
567,538
568,538
569,538
570,538
571,538
572,538
573,538
574,538
575,538
576,538
577,538
578,538
579,538
580,538
581,538
582,538
583,538
584,538
585,538
586,538
587,538
588,538
589,538
590,538
591,538
592,538
593,538
594,538
595,538
596,538
597,538
598,538
599,538
600,538
601,538
602,538
603,538
604,538
605,538
606,538
607,538
608,538
609,538
610,538
611,538
612,538
613,538
614,538
615,538
616,538
617,538
618,538
619,538
620,538
447,539
448,539
449,539
450,539
451,539
452,539
453,539
454,539
455,539
456,539
457,539
458,539
459,539
460,539
461,539
462,539
463,539
464,539
465,539
466,539
467,539
468,539
469,539
470,539
471,539
472,539
473,539
474,539
475,539
476,539
477,539
478,539
479,539
480,539
481,539
482,539
483,539
484,539
485,539
486,539
487,539
488,539
489,539
490,539
491,539
492,539
493,539
494,539
495,539
496,539
497,539
498,539
499,539
500,539
501,539
502,539
503,539
504,539
505,539
506,539
507,539
508,539
509,539
510,539
511,539
512,539
513,539
514,539
515,539
516,539
517,539
518,539
519,539
520,539
521,539
522,539
523,539
524,539
525,539
526,539
527,539
528,539
529,539
530,539
531,539
532,539
533,539
534,539
535,539
536,539
537,539
538,539
539,539
540,539
541,539
542,539
543,539
544,539
545,539
546,539
547,539
548,539
549,539
550,539
551,539
552,539
553,539
554,539
555,539
556,539
557,539
558,539
559,539
560,539
561,539
562,539
563,539
564,539
565,539
566,539
567,539
568,539
569,539
570,539
571,539
572,539
573,539
574,539
575,539
576,539
577,539
578,539
579,539
580,539
581,539
582,539
583,539
584,539
585,539
586,539
587,539
588,539
589,539
590,539
591,539
592,539
593,539
594,539
595,539
596,539
597,539
598,539
599,539
600,539
601,539
602,539
603,539
604,539
605,539
606,539
607,539
608,539
609,539
610,539
611,539
612,539
613,539
614,539
615,539
616,539
617,539
618,539
619,539
620,539
447,540
448,540
449,540
450,540
451,540
452,540
453,540
454,540
455,540
456,540
457,540
458,540
459,540
460,540
461,540
462,540
463,540
464,540
465,540
466,540
467,540
468,540
469,540
470,540
471,540
472,540
473,540
474,540
475,540
476,540
477,540
478,540
479,540
480,540
481,540
482,540
483,540
484,540
485,540
486,540
487,540
488,540
489,540
490,540
491,540
492,540
493,540
494,540
495,540
496,540
497,540
498,540
499,540
500,540
501,540
502,540
503,540
504,540
505,540
506,540
507,540
508,540
509,540
510,540
511,540
512,540
513,540
514,540
515,540
516,540
517,540
518,540
519,540
520,540
521,540
522,540
523,540
524,540
525,540
526,540
527,540
528,540
529,540
530,540
531,540
532,540
533,540
534,540
535,540
536,540
537,540
538,540
539,540
540,540
541,540
542,540
543,540
544,540
545,540
546,540
547,540
548,540
549,540
550,540
551,540
552,540
553,540
554,540
555,540
556,540
557,540
558,540
559,540
560,540
561,540
562,540
563,540
564,540
565,540
566,540
567,540
568,540
569,540
570,540
571,540
572,540
573,540
574,540
575,540
576,540
577,540
578,540
579,540
580,540
581,540
582,540
583,540
584,540
585,540
586,540
587,540
588,540
589,540
590,540
591,540
592,540
593,540
594,540
595,540
596,540
597,540
598,540
599,540
600,540
601,540
602,540
603,540
604,540
605,540
606,540
607,540
608,540
609,540
610,540
611,540
612,540
613,540
614,540
615,540
616,540
617,540
618,540
619,540
418,541
448,541
449,541
450,541
451,541
452,541
453,541
454,541
455,541
456,541
457,541
458,541
459,541
460,541
461,541
462,541
463,541
464,541
465,541
466,541
467,541
468,541
469,541
470,541
471,541
472,541
473,541
474,541
475,541
476,541
477,541
478,541
479,541
480,541
481,541
482,541
483,541
484,541
485,541
486,541
487,541
488,541
489,541
490,541
491,541
492,541
493,541
494,541
495,541
496,541
497,541
498,541
499,541
500,541
501,541
502,541
503,541
504,541
505,541
506,541
507,541
508,541
509,541
510,541
511,541
512,541
513,541
514,541
515,541
516,541
517,541
518,541
519,541
520,541
521,541
522,541
523,541
524,541
525,541
526,541
527,541
528,541
529,541
530,541
531,541
532,541
533,541
534,541
535,541
536,541
537,541
538,541
539,541
540,541
541,541
542,541
543,541
544,541
545,541
546,541
547,541
548,541
549,541
550,541
551,541
552,541
553,541
554,541
555,541
556,541
557,541
558,541
559,541
560,541
561,541
562,541
563,541
564,541
565,541
566,541
567,541
568,541
569,541
570,541
571,541
572,541
573,541
574,541
575,541
576,541
577,541
578,541
579,541
580,541
581,541
582,541
583,541
584,541
585,541
586,541
587,541
588,541
589,541
590,541
591,541
592,541
593,541
594,541
595,541
596,541
597,541
598,541
599,541
600,541
601,541
602,541
603,541
604,541
605,541
606,541
607,541
608,541
609,541
610,541
611,541
612,541
613,541
614,541
615,541
616,541
617,541
618,541
619,541
418,542
419,542
420,542
448,542
449,542
450,542
451,542
452,542
453,542
454,542
455,542
456,542
457,542
458,542
459,542
460,542
461,542
462,542
463,542
464,542
465,542
466,542
467,542
468,542
469,542
470,542
471,542
472,542
473,542
474,542
475,542
476,542
477,542
478,542
479,542
480,542
481,542
482,542
483,542
484,542
485,542
486,542
487,542
488,542
489,542
490,542
491,542
492,542
493,542
494,542
495,542
496,542
497,542
498,542
499,542
500,542
501,542
502,542
503,542
504,542
505,542
506,542
507,542
508,542
509,542
510,542
511,542
512,542
513,542
514,542
515,542
516,542
517,542
518,542
519,542
520,542
521,542
522,542
523,542
524,542
525,542
526,542
527,542
528,542
529,542
530,542
531,542
532,542
533,542
534,542
535,542
536,542
537,542
538,542
539,542
540,542
541,542
542,542
543,542
544,542
545,542
546,542
547,542
548,542
549,542
550,542
551,542
552,542
553,542
554,542
555,542
556,542
557,542
558,542
559,542
560,542
561,542
562,542
563,542
564,542
565,542
566,542
567,542
568,542
569,542
570,542
571,542
572,542
573,542
574,542
575,542
576,542
577,542
578,542
579,542
580,542
581,542
582,542
583,542
584,542
585,542
586,542
587,542
588,542
589,542
590,542
591,542
592,542
593,542
594,542
595,542
596,542
597,542
598,542
599,542
600,542
601,542
602,542
603,542
604,542
605,542
606,542
607,542
608,542
609,542
610,542
611,542
612,542
613,542
614,542
615,542
616,542
617,542
618,542
418,543
419,543
420,543
421,543
422,543
448,543
449,543
450,543
451,543
452,543
453,543
454,543
455,543
456,543
457,543
458,543
459,543
460,543
461,543
462,543
463,543
464,543
465,543
466,543
467,543
468,543
469,543
470,543
471,543
472,543
473,543
474,543
475,543
476,543
477,543
478,543
479,543
480,543
481,543
482,543
483,543
484,543
485,543
486,543
487,543
488,543
489,543
490,543
491,543
492,543
493,543
494,543
495,543
496,543
497,543
498,543
499,543
500,543
501,543
502,543
503,543
504,543
505,543
506,543
507,543
508,543
509,543
510,543
511,543
512,543
513,543
514,543
515,543
516,543
517,543
518,543
519,543
520,543
521,543
522,543
523,543
524,543
525,543
526,543
527,543
528,543
529,543
530,543
531,543
532,543
533,543
534,543
535,543
536,543
537,543
538,543
539,543
540,543
541,543
542,543
543,543
544,543
545,543
546,543
547,543
548,543
549,543
550,543
551,543
552,543
553,543
554,543
555,543
556,543
557,543
558,543
559,543
560,543
561,543
562,543
563,543
564,543
565,543
566,543
567,543
568,543
569,543
570,543
571,543
572,543
573,543
574,543
575,543
576,543
577,543
578,543
579,543
580,543
581,543
582,543
583,543
584,543
585,543
586,543
587,543
588,543
589,543
590,543
591,543
592,543
593,543
594,543
595,543
596,543
597,543
598,543
599,543
600,543
601,543
602,543
603,543
604,543
605,543
606,543
607,543
608,543
609,543
610,543
611,543
612,543
613,543
614,543
615,543
616,543
617,543
618,543
418,544
419,544
420,544
421,544
422,544
423,544
424,544
448,544
449,544
450,544
451,544
452,544
453,544
454,544
455,544
456,544
457,544
458,544
459,544
460,544
461,544
462,544
463,544
464,544
465,544
466,544
467,544
468,544
469,544
470,544
471,544
472,544
473,544
474,544
475,544
476,544
477,544
478,544
479,544
480,544
481,544
482,544
483,544
484,544
485,544
486,544
487,544
488,544
489,544
490,544
491,544
492,544
493,544
494,544
495,544
496,544
497,544
498,544
499,544
500,544
501,544
502,544
503,544
504,544
505,544
506,544
507,544
508,544
509,544
510,544
511,544
512,544
513,544
514,544
515,544
516,544
517,544
518,544
519,544
520,544
521,544
522,544
523,544
524,544
525,544
526,544
527,544
528,544
529,544
530,544
531,544
532,544
533,544
534,544
535,544
536,544
537,544
538,544
539,544
540,544
541,544
542,544
543,544
544,544
545,544
546,544
547,544
548,544
549,544
550,544
551,544
552,544
553,544
554,544
555,544
556,544
557,544
558,544
559,544
560,544
561,544
562,544
563,544
564,544
565,544
566,544
567,544
568,544
569,544
570,544
571,544
572,544
573,544
574,544
575,544
576,544
577,544
578,544
579,544
580,544
581,544
582,544
583,544
584,544
585,544
586,544
587,544
588,544
589,544
590,544
591,544
592,544
593,544
594,544
595,544
596,544
597,544
598,544
599,544
600,544
601,544
602,544
603,544
604,544
605,544
606,544
607,544
608,544
609,544
610,544
611,544
612,544
613,544
614,544
615,544
616,544
617,544
618,544
619,544
620,544
621,544
622,544
623,544
624,544
625,544
626,544
627,544
628,544
629,544
630,544
631,544
632,544
633,544
634,544
635,544
636,544
637,544
638,544
639,544
640,544
641,544
642,544
643,544
644,544
645,544
646,544
647,544
648,544
649,544
650,544
651,544
652,544
653,544
654,544
655,544
656,544
657,544
658,544
659,544
418,545
419,545
420,545
421,545
422,545
423,545
424,545
425,545
426,545
448,545
449,545
450,545
451,545
452,545
453,545
454,545
455,545
456,545
457,545
458,545
459,545
460,545
461,545
462,545
463,545
464,545
465,545
466,545
467,545
468,545
469,545
470,545
471,545
472,545
473,545
474,545
475,545
476,545
477,545
478,545
479,545
480,545
481,545
482,545
483,545
484,545
485,545
486,545
487,545
488,545
489,545
490,545
491,545
492,545
493,545
494,545
495,545
496,545
497,545
498,545
499,545
500,545
501,545
502,545
503,545
504,545
505,545
506,545
507,545
508,545
509,545
510,545
511,545
512,545
513,545
514,545
515,545
516,545
517,545
518,545
519,545
520,545
521,545
522,545
523,545
524,545
525,545
526,545
527,545
528,545
529,545
530,545
531,545
532,545
533,545
534,545
535,545
536,545
537,545
538,545
539,545
540,545
541,545
542,545
543,545
544,545
545,545
546,545
547,545
548,545
549,545
550,545
551,545
552,545
553,545
554,545
555,545
556,545
557,545
558,545
559,545
560,545
561,545
562,545
563,545
564,545
565,545
566,545
567,545
568,545
569,545
570,545
571,545
572,545
573,545
574,545
575,545
576,545
577,545
578,545
579,545
580,545
581,545
582,545
583,545
584,545
585,545
586,545
587,545
588,545
589,545
590,545
591,545
592,545
593,545
594,545
595,545
596,545
597,545
598,545
599,545
600,545
601,545
602,545
603,545
604,545
605,545
606,545
607,545
608,545
609,545
610,545
611,545
612,545
613,545
614,545
615,545
616,545
617,545
618,545
619,545
620,545
621,545
622,545
623,545
624,545
625,545
626,545
627,545
628,545
629,545
630,545
631,545
632,545
633,545
634,545
635,545
636,545
637,545
638,545
639,545
640,545
641,545
642,545
643,545
644,545
645,545
646,545
647,545
648,545
649,545
650,545
651,545
652,545
653,545
654,545
655,545
656,545
657,545
658,545
659,545
418,546
419,546
420,546
421,546
422,546
423,546
424,546
425,546
426,546
427,546
428,546
448,546
449,546
450,546
451,546
452,546
453,546
454,546
455,546
456,546
457,546
458,546
459,546
460,546
461,546
462,546
463,546
464,546
465,546
466,546
467,546
468,546
469,546
470,546
471,546
472,546
473,546
474,546
475,546
476,546
477,546
478,546
479,546
480,546
481,546
482,546
483,546
484,546
485,546
486,546
487,546
488,546
489,546
490,546
491,546
492,546
493,546
494,546
495,546
496,546
497,546
498,546
499,546
500,546
501,546
502,546
503,546
504,546
505,546
506,546
507,546
508,546
509,546
510,546
511,546
512,546
513,546
514,546
515,546
516,546
517,546
518,546
519,546
520,546
521,546
522,546
523,546
524,546
525,546
526,546
527,546
528,546
529,546
530,546
531,546
532,546
533,546
534,546
535,546
536,546
537,546
538,546
539,546
540,546
541,546
542,546
543,546
544,546
545,546
546,546
547,546
548,546
549,546
550,546
551,546
552,546
553,546
554,546
555,546
556,546
557,546
558,546
559,546
560,546
561,546
562,546
563,546
564,546
565,546
566,546
567,546
568,546
569,546
570,546
571,546
572,546
573,546
574,546
575,546
576,546
577,546
578,546
579,546
580,546
581,546
582,546
583,546
584,546
585,546
586,546
587,546
588,546
589,546
590,546
591,546
592,546
593,546
594,546
595,546
596,546
597,546
598,546
599,546
600,546
601,546
602,546
603,546
604,546
605,546
606,546
607,546
608,546
609,546
610,546
611,546
612,546
613,546
614,546
615,546
616,546
617,546
618,546
619,546
620,546
621,546
622,546
623,546
624,546
625,546
626,546
627,546
628,546
629,546
630,546
631,546
632,546
633,546
634,546
635,546
636,546
637,546
638,546
639,546
640,546
641,546
642,546
643,546
644,546
645,546
646,546
647,546
648,546
649,546
650,546
651,546
652,546
653,546
654,546
655,546
656,546
657,546
658,546
659,546
418,547
419,547
420,547
421,547
422,547
423,547
424,547
425,547
426,547
427,547
428,547
429,547
430,547
449,547
450,547
451,547
452,547
453,547
454,547
455,547
456,547
457,547
458,547
459,547
460,547
461,547
462,547
463,547
464,547
465,547
466,547
467,547
468,547
469,547
470,547
471,547
472,547
473,547
474,547
475,547
476,547
477,547
478,547
479,547
480,547
481,547
482,547
483,547
484,547
485,547
486,547
487,547
488,547
489,547
490,547
491,547
492,547
493,547
494,547
495,547
496,547
497,547
498,547
499,547
500,547
501,547
502,547
503,547
504,547
505,547
506,547
507,547
508,547
509,547
510,547
511,547
512,547
513,547
514,547
515,547
516,547
517,547
518,547
519,547
520,547
521,547
522,547
523,547
524,547
525,547
526,547
527,547
528,547
529,547
530,547
531,547
532,547
533,547
534,547
535,547
536,547
537,547
538,547
539,547
540,547
541,547
542,547
543,547
544,547
545,547
546,547
547,547
548,547
549,547
550,547
551,547
552,547
553,547
554,547
555,547
556,547
557,547
558,547
559,547
560,547
561,547
562,547
563,547
564,547
565,547
566,547
567,547
568,547
569,547
570,547
571,547
572,547
573,547
574,547
575,547
576,547
577,547
578,547
579,547
580,547
581,547
582,547
583,547
584,547
585,547
586,547
587,547
588,547
589,547
590,547
591,547
592,547
593,547
594,547
595,547
596,547
597,547
598,547
599,547
600,547
601,547
602,547
603,547
604,547
605,547
606,547
607,547
608,547
609,547
610,547
611,547
612,547
613,547
614,547
615,547
616,547
617,547
618,547
619,547
620,547
621,547
622,547
623,547
624,547
625,547
626,547
627,547
628,547
629,547
630,547
631,547
632,547
633,547
634,547
635,547
636,547
637,547
638,547
639,547
640,547
641,547
642,547
643,547
644,547
645,547
646,547
647,547
648,547
649,547
650,547
651,547
652,547
653,547
654,547
655,547
656,547
657,547
658,547
418,548
419,548
420,548
421,548
422,548
423,548
424,548
425,548
426,548
427,548
428,548
429,548
430,548
431,548
449,548
450,548
451,548
452,548
453,548
454,548
455,548
456,548
457,548
458,548
459,548
460,548
461,548
462,548
463,548
464,548
465,548
466,548
467,548
468,548
469,548
470,548
471,548
472,548
473,548
474,548
475,548
476,548
477,548
478,548
479,548
480,548
481,548
482,548
483,548
484,548
485,548
486,548
487,548
488,548
489,548
490,548
491,548
492,548
493,548
494,548
495,548
496,548
497,548
498,548
499,548
500,548
501,548
502,548
503,548
504,548
505,548
506,548
507,548
508,548
509,548
510,548
511,548
512,548
513,548
514,548
515,548
516,548
517,548
518,548
519,548
520,548
521,548
522,548
523,548
524,548
525,548
526,548
527,548
528,548
529,548
530,548
531,548
532,548
533,548
534,548
535,548
536,548
537,548
538,548
539,548
540,548
541,548
542,548
543,548
544,548
545,548
546,548
547,548
548,548
549,548
550,548
551,548
552,548
553,548
554,548
555,548
556,548
557,548
558,548
559,548
560,548
561,548
562,548
563,548
564,548
565,548
566,548
567,548
568,548
569,548
570,548
571,548
572,548
573,548
574,548
575,548
576,548
577,548
578,548
579,548
580,548
581,548
582,548
583,548
584,548
585,548
586,548
587,548
588,548
589,548
590,548
591,548
592,548
593,548
594,548
595,548
596,548
597,548
598,548
599,548
600,548
601,548
602,548
603,548
604,548
605,548
606,548
607,548
608,548
609,548
610,548
611,548
612,548
613,548
614,548
615,548
616,548
617,548
618,548
619,548
620,548
621,548
622,548
623,548
624,548
625,548
626,548
627,548
628,548
629,548
630,548
631,548
632,548
633,548
634,548
635,548
636,548
637,548
638,548
639,548
640,548
641,548
642,548
643,548
644,548
645,548
646,548
647,548
648,548
649,548
650,548
651,548
652,548
653,548
654,548
655,548
656,548
657,548
658,548
418,549
419,549
420,549
421,549
422,549
423,549
424,549
425,549
426,549
427,549
428,549
429,549
430,549
431,549
432,549
433,549
449,549
450,549
451,549
452,549
453,549
454,549
455,549
456,549
457,549
458,549
459,549
460,549
461,549
462,549
463,549
464,549
465,549
466,549
467,549
468,549
469,549
470,549
471,549
472,549
473,549
474,549
475,549
476,549
477,549
478,549
479,549
480,549
481,549
482,549
483,549
484,549
485,549
486,549
487,549
488,549
489,549
490,549
491,549
492,549
493,549
494,549
495,549
496,549
497,549
498,549
499,549
500,549
501,549
502,549
503,549
504,549
505,549
506,549
507,549
508,549
509,549
510,549
511,549
512,549
513,549
514,549
515,549
516,549
517,549
518,549
519,549
520,549
521,549
522,549
523,549
524,549
525,549
526,549
527,549
528,549
529,549
530,549
531,549
532,549
533,549
534,549
535,549
536,549
537,549
538,549
539,549
540,549
541,549
542,549
543,549
544,549
545,549
546,549
547,549
548,549
549,549
550,549
551,549
552,549
553,549
554,549
555,549
556,549
557,549
558,549
559,549
560,549
561,549
562,549
563,549
564,549
565,549
566,549
567,549
568,549
569,549
570,549
571,549
572,549
573,549
574,549
575,549
576,549
577,549
578,549
579,549
580,549
581,549
582,549
583,549
584,549
585,549
586,549
587,549
588,549
589,549
590,549
591,549
592,549
593,549
594,549
595,549
596,549
597,549
598,549
599,549
600,549
601,549
602,549
603,549
604,549
605,549
606,549
607,549
608,549
609,549
610,549
611,549
612,549
613,549
614,549
615,549
616,549
617,549
618,549
619,549
620,549
621,549
622,549
623,549
624,549
625,549
626,549
627,549
628,549
629,549
630,549
631,549
632,549
633,549
634,549
635,549
636,549
637,549
638,549
639,549
640,549
641,549
642,549
643,549
644,549
645,549
646,549
647,549
648,549
649,549
650,549
651,549
652,549
653,549
654,549
655,549
656,549
657,549
658,549
418,550
419,550
420,550
421,550
422,550
423,550
424,550
425,550
426,550
427,550
428,550
429,550
430,550
431,550
432,550
433,550
434,550
435,550
450,550
451,550
452,550
453,550
454,550
455,550
456,550
457,550
458,550
459,550
460,550
461,550
462,550
463,550
464,550
465,550
466,550
467,550
468,550
469,550
470,550
471,550
472,550
473,550
474,550
475,550
476,550
477,550
478,550
479,550
480,550
481,550
482,550
483,550
484,550
485,550
486,550
487,550
488,550
489,550
490,550
491,550
492,550
493,550
494,550
495,550
496,550
497,550
498,550
499,550
500,550
501,550
502,550
503,550
504,550
505,550
506,550
507,550
508,550
509,550
510,550
511,550
512,550
513,550
514,550
515,550
516,550
517,550
518,550
519,550
520,550
521,550
522,550
523,550
524,550
525,550
526,550
527,550
528,550
529,550
530,550
531,550
532,550
533,550
534,550
535,550
536,550
537,550
538,550
539,550
540,550
541,550
542,550
543,550
544,550
545,550
546,550
547,550
548,550
549,550
550,550
551,550
552,550
553,550
554,550
555,550
556,550
557,550
558,550
559,550
560,550
561,550
562,550
563,550
564,550
565,550
566,550
567,550
568,550
569,550
570,550
571,550
572,550
573,550
574,550
575,550
576,550
577,550
578,550
579,550
580,550
581,550
582,550
583,550
584,550
585,550
586,550
587,550
588,550
589,550
590,550
591,550
592,550
593,550
594,550
595,550
596,550
597,550
598,550
599,550
600,550
601,550
602,550
603,550
604,550
605,550
606,550
607,550
608,550
609,550
610,550
611,550
612,550
613,550
614,550
615,550
616,550
617,550
618,550
619,550
620,550
621,550
622,550
623,550
624,550
625,550
626,550
627,550
628,550
629,550
630,550
631,550
632,550
633,550
634,550
635,550
636,550
637,550
638,550
639,550
640,550
641,550
642,550
643,550
644,550
645,550
646,550
647,550
648,550
649,550
650,550
651,550
652,550
653,550
654,550
655,550
656,550
657,550
658,550
418,551
419,551
420,551
421,551
422,551
423,551
424,551
425,551
426,551
427,551
428,551
429,551
430,551
431,551
432,551
433,551
434,551
435,551
436,551
437,551
451,551
452,551
453,551
454,551
455,551
456,551
457,551
458,551
459,551
460,551
461,551
462,551
463,551
464,551
465,551
466,551
467,551
468,551
469,551
470,551
471,551
472,551
473,551
474,551
475,551
476,551
477,551
478,551
479,551
480,551
481,551
482,551
483,551
484,551
485,551
486,551
487,551
488,551
489,551
490,551
491,551
492,551
493,551
494,551
495,551
496,551
497,551
498,551
499,551
500,551
501,551
502,551
503,551
504,551
505,551
506,551
507,551
508,551
509,551
510,551
511,551
512,551
513,551
514,551
515,551
516,551
517,551
518,551
519,551
520,551
521,551
522,551
523,551
524,551
525,551
526,551
527,551
528,551
529,551
530,551
531,551
532,551
533,551
534,551
535,551
536,551
537,551
538,551
539,551
540,551
541,551
542,551
543,551
544,551
545,551
546,551
547,551
548,551
549,551
550,551
551,551
552,551
553,551
554,551
555,551
556,551
557,551
558,551
559,551
560,551
561,551
562,551
563,551
564,551
565,551
566,551
567,551
568,551
569,551
570,551
571,551
572,551
573,551
574,551
575,551
576,551
577,551
578,551
579,551
580,551
581,551
582,551
583,551
584,551
585,551
586,551
587,551
588,551
589,551
590,551
591,551
592,551
593,551
594,551
595,551
596,551
597,551
598,551
599,551
600,551
601,551
602,551
603,551
604,551
605,551
606,551
607,551
608,551
609,551
610,551
611,551
612,551
613,551
614,551
615,551
616,551
617,551
618,551
619,551
620,551
621,551
622,551
623,551
624,551
625,551
626,551
627,551
628,551
629,551
630,551
631,551
632,551
633,551
634,551
635,551
636,551
637,551
638,551
639,551
640,551
641,551
642,551
643,551
644,551
645,551
646,551
647,551
648,551
649,551
650,551
651,551
652,551
653,551
654,551
655,551
656,551
657,551
658,551
418,552
419,552
420,552
421,552
422,552
423,552
424,552
425,552
426,552
427,552
428,552
429,552
430,552
431,552
432,552
433,552
434,552
435,552
436,552
437,552
438,552
439,552
452,552
453,552
454,552
455,552
456,552
457,552
458,552
459,552
460,552
461,552
462,552
463,552
464,552
465,552
466,552
467,552
468,552
469,552
470,552
471,552
472,552
473,552
474,552
475,552
476,552
477,552
478,552
479,552
480,552
481,552
482,552
483,552
484,552
485,552
486,552
487,552
488,552
489,552
490,552
491,552
492,552
493,552
494,552
495,552
496,552
497,552
498,552
499,552
500,552
501,552
502,552
503,552
504,552
505,552
506,552
507,552
508,552
509,552
510,552
511,552
512,552
513,552
514,552
515,552
516,552
517,552
518,552
519,552
520,552
521,552
522,552
523,552
524,552
525,552
526,552
527,552
528,552
529,552
530,552
531,552
532,552
533,552
534,552
535,552
536,552
537,552
538,552
539,552
540,552
541,552
542,552
543,552
544,552
545,552
546,552
547,552
548,552
549,552
550,552
551,552
552,552
553,552
554,552
555,552
556,552
557,552
558,552
559,552
560,552
561,552
562,552
563,552
564,552
565,552
566,552
567,552
568,552
569,552
570,552
571,552
572,552
573,552
574,552
575,552
576,552
577,552
578,552
579,552
580,552
581,552
582,552
583,552
584,552
585,552
586,552
587,552
588,552
589,552
590,552
591,552
592,552
593,552
594,552
595,552
596,552
597,552
598,552
599,552
600,552
601,552
602,552
603,552
604,552
605,552
606,552
607,552
608,552
609,552
610,552
611,552
612,552
613,552
614,552
615,552
616,552
617,552
618,552
619,552
620,552
621,552
622,552
623,552
624,552
625,552
626,552
627,552
628,552
629,552
630,552
631,552
632,552
633,552
634,552
635,552
636,552
637,552
638,552
639,552
640,552
641,552
642,552
643,552
644,552
645,552
646,552
647,552
648,552
649,552
650,552
651,552
652,552
653,552
654,552
655,552
656,552
657,552
420,553
421,553
422,553
423,553
424,553
425,553
426,553
427,553
428,553
429,553
430,553
431,553
432,553
433,553
434,553
435,553
436,553
437,553
438,553
439,553
440,553
441,553
452,553
453,553
454,553
455,553
456,553
457,553
458,553
459,553
460,553
461,553
462,553
463,553
464,553
465,553
466,553
467,553
468,553
469,553
470,553
471,553
472,553
473,553
474,553
475,553
476,553
477,553
478,553
479,553
480,553
481,553
482,553
483,553
484,553
485,553
486,553
487,553
488,553
489,553
490,553
491,553
492,553
493,553
494,553
495,553
496,553
497,553
498,553
499,553
500,553
501,553
502,553
503,553
504,553
505,553
506,553
507,553
508,553
509,553
510,553
511,553
512,553
513,553
514,553
515,553
516,553
517,553
518,553
519,553
520,553
521,553
522,553
523,553
524,553
525,553
526,553
527,553
528,553
529,553
530,553
531,553
532,553
533,553
534,553
535,553
536,553
537,553
538,553
539,553
540,553
541,553
542,553
543,553
544,553
545,553
546,553
547,553
548,553
549,553
550,553
551,553
552,553
553,553
554,553
555,553
556,553
557,553
558,553
559,553
560,553
561,553
562,553
563,553
564,553
565,553
566,553
567,553
568,553
569,553
570,553
571,553
572,553
573,553
574,553
575,553
576,553
577,553
578,553
579,553
580,553
581,553
582,553
583,553
584,553
585,553
586,553
587,553
588,553
589,553
590,553
591,553
592,553
593,553
594,553
595,553
596,553
597,553
598,553
599,553
600,553
601,553
602,553
603,553
604,553
605,553
606,553
607,553
608,553
609,553
610,553
611,553
612,553
613,553
614,553
615,553
616,553
617,553
618,553
619,553
620,553
621,553
622,553
623,553
624,553
625,553
626,553
627,553
628,553
629,553
630,553
631,553
632,553
633,553
634,553
635,553
636,553
637,553
638,553
639,553
640,553
641,553
642,553
643,553
644,553
645,553
646,553
647,553
648,553
649,553
650,553
651,553
652,553
653,553
654,553
655,553
656,553
657,553
423,554
424,554
425,554
426,554
427,554
428,554
429,554
430,554
431,554
432,554
433,554
434,554
435,554
436,554
437,554
438,554
439,554
440,554
441,554
442,554
453,554
454,554
455,554
456,554
457,554
458,554
459,554
460,554
461,554
462,554
463,554
464,554
465,554
466,554
467,554
468,554
469,554
470,554
471,554
472,554
473,554
474,554
475,554
476,554
477,554
478,554
479,554
480,554
481,554
482,554
483,554
484,554
485,554
486,554
487,554
488,554
489,554
490,554
491,554
492,554
493,554
494,554
495,554
496,554
497,554
498,554
499,554
500,554
501,554
502,554
503,554
504,554
505,554
506,554
507,554
508,554
509,554
510,554
511,554
512,554
513,554
514,554
515,554
516,554
517,554
518,554
519,554
520,554
521,554
522,554
523,554
524,554
525,554
526,554
527,554
528,554
529,554
530,554
531,554
532,554
533,554
534,554
535,554
536,554
537,554
538,554
539,554
540,554
541,554
542,554
543,554
544,554
545,554
546,554
547,554
548,554
549,554
550,554
551,554
552,554
553,554
554,554
555,554
556,554
557,554
558,554
559,554
560,554
561,554
562,554
563,554
564,554
565,554
566,554
567,554
568,554
569,554
570,554
571,554
572,554
573,554
574,554
575,554
576,554
577,554
578,554
579,554
580,554
581,554
582,554
583,554
584,554
585,554
586,554
587,554
588,554
589,554
590,554
591,554
592,554
593,554
594,554
595,554
596,554
597,554
598,554
599,554
600,554
601,554
602,554
603,554
604,554
605,554
606,554
607,554
608,554
609,554
610,554
611,554
612,554
613,554
614,554
615,554
616,554
617,554
618,554
619,554
620,554
621,554
622,554
623,554
624,554
625,554
626,554
627,554
628,554
629,554
630,554
631,554
632,554
633,554
634,554
635,554
636,554
637,554
638,554
639,554
640,554
641,554
642,554
643,554
644,554
645,554
646,554
647,554
648,554
649,554
650,554
651,554
652,554
653,554
654,554
655,554
656,554
657,554
426,555
427,555
428,555
429,555
430,555
431,555
432,555
433,555
434,555
435,555
436,555
437,555
438,555
439,555
440,555
441,555
442,555
443,555
444,555
454,555
455,555
456,555
457,555
458,555
459,555
460,555
461,555
462,555
463,555
464,555
465,555
466,555
467,555
468,555
469,555
470,555
471,555
472,555
473,555
474,555
475,555
476,555
477,555
478,555
479,555
480,555
481,555
482,555
483,555
484,555
485,555
486,555
487,555
488,555
489,555
490,555
491,555
492,555
493,555
494,555
495,555
496,555
497,555
498,555
499,555
500,555
501,555
502,555
503,555
504,555
505,555
506,555
507,555
508,555
509,555
510,555
511,555
512,555
513,555
514,555
515,555
516,555
517,555
518,555
519,555
520,555
521,555
522,555
523,555
524,555
525,555
526,555
527,555
528,555
529,555
530,555
531,555
532,555
533,555
534,555
535,555
536,555
537,555
538,555
539,555
540,555
541,555
542,555
543,555
544,555
545,555
546,555
547,555
548,555
549,555
550,555
551,555
552,555
553,555
554,555
555,555
556,555
557,555
558,555
559,555
560,555
561,555
562,555
563,555
564,555
565,555
566,555
567,555
568,555
569,555
570,555
571,555
572,555
573,555
574,555
575,555
576,555
577,555
578,555
579,555
580,555
581,555
582,555
583,555
584,555
585,555
586,555
587,555
588,555
589,555
590,555
591,555
592,555
593,555
594,555
595,555
596,555
597,555
598,555
599,555
600,555
601,555
602,555
603,555
604,555
605,555
606,555
607,555
608,555
609,555
610,555
611,555
612,555
613,555
614,555
615,555
616,555
617,555
618,555
619,555
620,555
621,555
622,555
623,555
624,555
625,555
626,555
627,555
628,555
629,555
630,555
631,555
632,555
633,555
634,555
635,555
636,555
637,555
638,555
639,555
640,555
641,555
642,555
643,555
644,555
645,555
646,555
647,555
648,555
649,555
650,555
651,555
652,555
653,555
654,555
655,555
656,555
657,555
428,556
429,556
430,556
431,556
432,556
433,556
434,556
435,556
436,556
437,556
438,556
439,556
440,556
441,556
442,556
443,556
444,556
445,556
446,556
455,556
456,556
457,556
458,556
459,556
460,556
461,556
462,556
463,556
464,556
465,556
466,556
467,556
468,556
469,556
470,556
471,556
472,556
473,556
474,556
475,556
476,556
477,556
478,556
479,556
480,556
481,556
482,556
483,556
484,556
485,556
486,556
487,556
488,556
489,556
490,556
491,556
492,556
493,556
494,556
495,556
496,556
497,556
498,556
499,556
500,556
501,556
502,556
503,556
504,556
505,556
506,556
507,556
508,556
509,556
510,556
511,556
512,556
513,556
514,556
515,556
516,556
517,556
518,556
519,556
520,556
521,556
522,556
523,556
524,556
525,556
526,556
527,556
528,556
529,556
530,556
531,556
532,556
533,556
534,556
535,556
536,556
537,556
538,556
539,556
540,556
541,556
542,556
543,556
544,556
545,556
546,556
547,556
548,556
549,556
550,556
551,556
552,556
553,556
554,556
555,556
556,556
557,556
558,556
559,556
560,556
561,556
562,556
563,556
564,556
565,556
566,556
567,556
568,556
569,556
570,556
571,556
572,556
573,556
574,556
575,556
576,556
577,556
578,556
579,556
580,556
581,556
582,556
583,556
584,556
585,556
586,556
587,556
588,556
589,556
590,556
591,556
592,556
593,556
594,556
595,556
596,556
597,556
598,556
599,556
600,556
601,556
602,556
603,556
604,556
605,556
606,556
607,556
608,556
609,556
610,556
611,556
612,556
613,556
614,556
615,556
616,556
617,556
618,556
619,556
620,556
621,556
622,556
623,556
624,556
625,556
626,556
627,556
628,556
629,556
630,556
631,556
632,556
633,556
634,556
635,556
636,556
637,556
638,556
639,556
640,556
641,556
642,556
643,556
644,556
645,556
646,556
647,556
648,556
649,556
650,556
651,556
652,556
653,556
654,556
655,556
656,556
657,556
431,557
432,557
433,557
434,557
435,557
436,557
437,557
438,557
439,557
440,557
441,557
442,557
443,557
444,557
445,557
446,557
447,557
448,557
456,557
457,557
458,557
459,557
460,557
461,557
462,557
463,557
464,557
465,557
466,557
467,557
468,557
469,557
470,557
471,557
472,557
473,557
474,557
475,557
476,557
477,557
478,557
479,557
480,557
481,557
482,557
483,557
484,557
485,557
486,557
487,557
488,557
489,557
490,557
491,557
492,557
493,557
494,557
495,557
496,557
497,557
498,557
499,557
500,557
501,557
502,557
503,557
504,557
505,557
506,557
507,557
508,557
509,557
510,557
511,557
512,557
513,557
514,557
515,557
516,557
517,557
518,557
519,557
520,557
521,557
522,557
523,557
524,557
525,557
526,557
527,557
528,557
529,557
530,557
531,557
532,557
533,557
534,557
535,557
536,557
537,557
538,557
539,557
540,557
541,557
542,557
543,557
544,557
545,557
546,557
547,557
548,557
549,557
550,557
551,557
552,557
553,557
554,557
555,557
556,557
557,557
558,557
559,557
560,557
561,557
562,557
563,557
564,557
565,557
566,557
567,557
568,557
569,557
570,557
571,557
572,557
573,557
574,557
575,557
576,557
577,557
578,557
579,557
580,557
581,557
582,557
583,557
584,557
585,557
586,557
587,557
588,557
589,557
590,557
591,557
592,557
593,557
594,557
595,557
596,557
597,557
598,557
599,557
600,557
601,557
602,557
603,557
604,557
605,557
606,557
607,557
608,557
609,557
610,557
611,557
612,557
613,557
614,557
615,557
616,557
617,557
618,557
619,557
620,557
621,557
622,557
623,557
624,557
625,557
626,557
627,557
628,557
629,557
630,557
631,557
632,557
633,557
634,557
635,557
636,557
637,557
638,557
639,557
640,557
641,557
642,557
643,557
644,557
645,557
646,557
647,557
648,557
649,557
650,557
651,557
652,557
653,557
654,557
655,557
656,557
657,557
434,558
435,558
436,558
437,558
438,558
439,558
440,558
441,558
442,558
443,558
444,558
445,558
446,558
447,558
448,558
449,558
450,558
457,558
458,558
459,558
460,558
461,558
462,558
463,558
464,558
465,558
466,558
467,558
468,558
469,558
470,558
471,558
472,558
473,558
474,558
475,558
476,558
477,558
478,558
479,558
480,558
481,558
482,558
483,558
484,558
485,558
486,558
487,558
488,558
489,558
490,558
491,558
492,558
493,558
494,558
495,558
496,558
497,558
498,558
499,558
500,558
501,558
502,558
503,558
504,558
505,558
506,558
507,558
508,558
509,558
510,558
511,558
512,558
513,558
514,558
515,558
516,558
517,558
518,558
519,558
520,558
521,558
522,558
523,558
524,558
525,558
526,558
527,558
528,558
529,558
530,558
531,558
532,558
533,558
534,558
535,558
536,558
537,558
538,558
539,558
540,558
541,558
542,558
543,558
544,558
545,558
546,558
547,558
548,558
549,558
550,558
551,558
552,558
553,558
554,558
555,558
556,558
557,558
558,558
559,558
560,558
561,558
562,558
563,558
564,558
565,558
566,558
567,558
568,558
569,558
570,558
571,558
572,558
573,558
574,558
575,558
576,558
577,558
578,558
579,558
580,558
581,558
582,558
583,558
584,558
585,558
586,558
587,558
588,558
589,558
590,558
591,558
592,558
593,558
594,558
595,558
596,558
597,558
598,558
599,558
600,558
601,558
602,558
603,558
604,558
605,558
606,558
607,558
608,558
609,558
610,558
611,558
612,558
613,558
614,558
615,558
616,558
617,558
618,558
619,558
620,558
621,558
622,558
623,558
624,558
625,558
626,558
627,558
628,558
629,558
630,558
631,558
632,558
633,558
634,558
635,558
636,558
637,558
638,558
639,558
640,558
641,558
642,558
643,558
644,558
645,558
646,558
647,558
648,558
649,558
650,558
651,558
652,558
653,558
654,558
655,558
656,558
437,559
438,559
439,559
440,559
441,559
442,559
443,559
444,559
445,559
446,559
447,559
448,559
449,559
450,559
451,559
452,559
457,559
458,559
459,559
460,559
461,559
462,559
463,559
464,559
465,559
466,559
467,559
468,559
469,559
470,559
471,559
472,559
473,559
474,559
475,559
476,559
477,559
478,559
479,559
480,559
481,559
482,559
483,559
484,559
485,559
486,559
487,559
488,559
489,559
490,559
491,559
492,559
493,559
494,559
495,559
496,559
497,559
498,559
499,559
500,559
501,559
502,559
503,559
504,559
505,559
506,559
507,559
508,559
509,559
510,559
511,559
512,559
513,559
514,559
515,559
516,559
517,559
518,559
519,559
520,559
521,559
522,559
523,559
524,559
525,559
526,559
527,559
528,559
529,559
530,559
531,559
532,559
533,559
534,559
535,559
536,559
537,559
538,559
539,559
540,559
541,559
542,559
543,559
544,559
545,559
546,559
547,559
548,559
549,559
550,559
551,559
552,559
553,559
554,559
555,559
556,559
557,559
558,559
559,559
560,559
561,559
562,559
563,559
564,559
565,559
566,559
567,559
568,559
569,559
570,559
571,559
572,559
573,559
574,559
575,559
576,559
577,559
578,559
579,559
580,559
581,559
582,559
583,559
584,559
585,559
586,559
587,559
588,559
589,559
590,559
591,559
592,559
593,559
594,559
595,559
596,559
597,559
598,559
599,559
600,559
601,559
602,559
603,559
604,559
605,559
606,559
607,559
608,559
609,559
610,559
611,559
612,559
613,559
614,559
615,559
616,559
617,559
618,559
619,559
620,559
621,559
622,559
623,559
624,559
625,559
626,559
627,559
628,559
629,559
630,559
631,559
632,559
633,559
634,559
635,559
636,559
637,559
638,559
639,559
640,559
641,559
642,559
643,559
644,559
645,559
646,559
647,559
648,559
649,559
650,559
651,559
652,559
653,559
654,559
655,559
656,559
440,560
441,560
442,560
443,560
444,560
445,560
446,560
447,560
448,560
449,560
450,560
451,560
452,560
453,560
454,560
458,560
459,560
460,560
461,560
462,560
463,560
464,560
465,560
466,560
467,560
468,560
469,560
470,560
471,560
472,560
473,560
474,560
475,560
476,560
477,560
478,560
479,560
480,560
481,560
482,560
483,560
484,560
485,560
486,560
487,560
488,560
489,560
490,560
491,560
492,560
493,560
494,560
495,560
496,560
497,560
498,560
499,560
500,560
501,560
502,560
503,560
504,560
505,560
506,560
507,560
508,560
509,560
510,560
511,560
512,560
513,560
514,560
515,560
516,560
517,560
518,560
519,560
520,560
521,560
522,560
523,560
524,560
525,560
526,560
527,560
528,560
529,560
530,560
531,560
532,560
533,560
534,560
535,560
536,560
537,560
538,560
539,560
540,560
541,560
542,560
543,560
544,560
545,560
546,560
547,560
548,560
549,560
550,560
551,560
552,560
553,560
554,560
555,560
556,560
557,560
558,560
559,560
560,560
561,560
562,560
563,560
564,560
565,560
566,560
567,560
568,560
569,560
570,560
571,560
572,560
573,560
574,560
575,560
576,560
577,560
578,560
579,560
580,560
581,560
582,560
583,560
584,560
585,560
586,560
587,560
588,560
589,560
590,560
591,560
592,560
593,560
594,560
595,560
596,560
597,560
598,560
599,560
600,560
601,560
602,560
603,560
604,560
605,560
606,560
607,560
608,560
609,560
610,560
611,560
612,560
613,560
614,560
615,560
616,560
617,560
618,560
619,560
620,560
621,560
622,560
623,560
624,560
625,560
626,560
627,560
628,560
629,560
630,560
631,560
632,560
633,560
634,560
635,560
636,560
637,560
638,560
639,560
640,560
641,560
642,560
643,560
644,560
645,560
646,560
647,560
648,560
649,560
650,560
651,560
652,560
653,560
654,560
655,560
656,560
443,561
444,561
445,561
446,561
447,561
448,561
449,561
450,561
451,561
452,561
453,561
454,561
455,561
459,561
460,561
461,561
462,561
463,561
464,561
465,561
466,561
467,561
468,561
469,561
470,561
471,561
472,561
473,561
474,561
475,561
476,561
477,561
478,561
479,561
480,561
481,561
482,561
483,561
484,561
485,561
486,561
487,561
488,561
489,561
490,561
491,561
492,561
493,561
494,561
495,561
496,561
497,561
498,561
499,561
500,561
501,561
502,561
503,561
504,561
505,561
506,561
507,561
508,561
509,561
510,561
511,561
512,561
513,561
514,561
515,561
516,561
517,561
518,561
519,561
520,561
521,561
522,561
523,561
524,561
525,561
526,561
527,561
528,561
529,561
530,561
531,561
532,561
533,561
534,561
535,561
536,561
537,561
538,561
539,561
540,561
541,561
542,561
543,561
544,561
545,561
546,561
547,561
548,561
549,561
550,561
551,561
552,561
553,561
554,561
555,561
556,561
557,561
558,561
559,561
560,561
561,561
562,561
563,561
564,561
565,561
566,561
567,561
568,561
569,561
570,561
571,561
572,561
573,561
574,561
575,561
576,561
577,561
578,561
579,561
580,561
581,561
582,561
583,561
584,561
585,561
586,561
587,561
588,561
589,561
590,561
591,561
592,561
593,561
594,561
595,561
596,561
597,561
598,561
599,561
600,561
601,561
602,561
603,561
604,561
605,561
606,561
607,561
608,561
609,561
610,561
611,561
612,561
613,561
614,561
615,561
616,561
617,561
618,561
619,561
620,561
621,561
622,561
623,561
624,561
625,561
626,561
627,561
628,561
629,561
630,561
631,561
632,561
633,561
634,561
635,561
636,561
637,561
638,561
639,561
640,561
641,561
642,561
643,561
644,561
645,561
646,561
647,561
648,561
649,561
650,561
651,561
652,561
445,562
446,562
447,562
448,562
449,562
450,562
451,562
452,562
453,562
454,562
455,562
456,562
457,562
460,562
461,562
462,562
463,562
464,562
465,562
466,562
467,562
468,562
469,562
470,562
471,562
472,562
473,562
474,562
475,562
476,562
477,562
478,562
479,562
480,562
481,562
482,562
483,562
484,562
485,562
486,562
487,562
488,562
489,562
490,562
491,562
492,562
493,562
494,562
495,562
496,562
497,562
498,562
499,562
500,562
501,562
502,562
503,562
504,562
505,562
506,562
507,562
508,562
509,562
510,562
511,562
512,562
513,562
514,562
515,562
516,562
517,562
518,562
519,562
520,562
521,562
522,562
523,562
524,562
525,562
526,562
527,562
528,562
529,562
530,562
531,562
532,562
533,562
534,562
535,562
536,562
537,562
538,562
539,562
540,562
541,562
542,562
543,562
544,562
545,562
546,562
547,562
548,562
549,562
550,562
551,562
552,562
553,562
554,562
555,562
556,562
557,562
558,562
559,562
560,562
561,562
562,562
563,562
564,562
565,562
566,562
567,562
568,562
569,562
570,562
571,562
572,562
573,562
574,562
575,562
576,562
577,562
578,562
579,562
580,562
581,562
582,562
583,562
584,562
585,562
586,562
587,562
588,562
589,562
590,562
591,562
592,562
593,562
594,562
595,562
596,562
597,562
598,562
599,562
600,562
601,562
602,562
603,562
604,562
605,562
606,562
607,562
608,562
609,562
610,562
611,562
612,562
613,562
614,562
615,562
616,562
617,562
618,562
619,562
620,562
621,562
622,562
623,562
624,562
625,562
626,562
627,562
628,562
629,562
630,562
631,562
632,562
633,562
634,562
635,562
636,562
637,562
638,562
639,562
640,562
641,562
642,562
643,562
644,562
645,562
448,563
449,563
450,563
451,563
452,563
453,563
454,563
455,563
456,563
457,563
458,563
459,563
461,563
462,563
463,563
464,563
465,563
466,563
467,563
468,563
469,563
470,563
471,563
472,563
473,563
474,563
475,563
476,563
477,563
478,563
479,563
480,563
481,563
482,563
483,563
484,563
485,563
486,563
487,563
488,563
489,563
490,563
491,563
492,563
493,563
494,563
495,563
496,563
497,563
498,563
499,563
500,563
501,563
502,563
503,563
504,563
505,563
506,563
507,563
508,563
509,563
510,563
511,563
512,563
513,563
514,563
515,563
516,563
517,563
518,563
519,563
520,563
521,563
522,563
523,563
524,563
525,563
526,563
527,563
528,563
529,563
530,563
531,563
532,563
533,563
534,563
535,563
536,563
537,563
538,563
539,563
540,563
541,563
542,563
543,563
544,563
545,563
546,563
547,563
548,563
549,563
550,563
551,563
552,563
553,563
554,563
555,563
556,563
557,563
558,563
559,563
560,563
561,563
562,563
563,563
564,563
565,563
566,563
567,563
568,563
569,563
570,563
571,563
572,563
573,563
574,563
575,563
576,563
577,563
578,563
579,563
580,563
581,563
582,563
583,563
584,563
585,563
586,563
587,563
588,563
589,563
590,563
591,563
592,563
593,563
594,563
595,563
596,563
597,563
598,563
599,563
600,563
601,563
602,563
603,563
604,563
605,563
606,563
607,563
608,563
609,563
610,563
611,563
612,563
613,563
614,563
615,563
616,563
617,563
618,563
619,563
620,563
621,563
622,563
623,563
624,563
625,563
626,563
627,563
628,563
629,563
630,563
631,563
632,563
633,563
634,563
635,563
636,563
637,563
638,563
451,564
452,564
453,564
454,564
455,564
456,564
457,564
458,564
459,564
460,564
461,564
462,564
463,564
464,564
465,564
466,564
467,564
468,564
469,564
470,564
471,564
472,564
473,564
474,564
475,564
476,564
477,564
478,564
479,564
480,564
481,564
482,564
483,564
484,564
485,564
486,564
487,564
488,564
489,564
490,564
491,564
492,564
493,564
494,564
495,564
496,564
497,564
498,564
499,564
500,564
501,564
502,564
503,564
504,564
505,564
506,564
507,564
508,564
509,564
510,564
511,564
512,564
513,564
514,564
515,564
516,564
517,564
518,564
519,564
520,564
521,564
522,564
523,564
524,564
525,564
526,564
527,564
528,564
529,564
530,564
531,564
532,564
533,564
534,564
535,564
536,564
537,564
538,564
539,564
540,564
541,564
542,564
543,564
544,564
545,564
546,564
547,564
548,564
549,564
550,564
551,564
552,564
553,564
554,564
555,564
556,564
557,564
558,564
559,564
560,564
561,564
562,564
563,564
564,564
565,564
566,564
567,564
568,564
569,564
570,564
571,564
572,564
573,564
574,564
575,564
576,564
577,564
578,564
579,564
580,564
581,564
582,564
583,564
584,564
585,564
586,564
587,564
588,564
589,564
590,564
591,564
592,564
593,564
594,564
595,564
596,564
597,564
598,564
599,564
600,564
601,564
602,564
603,564
604,564
605,564
606,564
607,564
608,564
609,564
610,564
611,564
612,564
613,564
614,564
615,564
616,564
617,564
618,564
619,564
620,564
621,564
622,564
623,564
624,564
625,564
626,564
627,564
628,564
629,564
630,564
631,564
454,565
455,565
456,565
457,565
458,565
459,565
460,565
461,565
462,565
463,565
464,565
465,565
466,565
467,565
468,565
469,565
470,565
471,565
472,565
473,565
474,565
475,565
476,565
477,565
478,565
479,565
480,565
481,565
482,565
483,565
484,565
485,565
486,565
487,565
488,565
489,565
490,565
491,565
492,565
493,565
494,565
495,565
496,565
497,565
498,565
499,565
500,565
501,565
502,565
503,565
504,565
505,565
506,565
507,565
508,565
509,565
510,565
511,565
512,565
513,565
514,565
515,565
516,565
517,565
518,565
519,565
520,565
521,565
522,565
523,565
524,565
525,565
526,565
527,565
528,565
529,565
530,565
531,565
532,565
533,565
534,565
535,565
536,565
537,565
538,565
539,565
540,565
541,565
542,565
543,565
544,565
545,565
546,565
547,565
548,565
549,565
550,565
551,565
552,565
553,565
554,565
555,565
556,565
557,565
558,565
559,565
560,565
561,565
562,565
563,565
564,565
565,565
566,565
567,565
568,565
569,565
570,565
571,565
572,565
573,565
574,565
575,565
576,565
577,565
578,565
579,565
580,565
581,565
582,565
583,565
584,565
585,565
586,565
587,565
588,565
589,565
590,565
591,565
592,565
593,565
594,565
595,565
596,565
597,565
598,565
599,565
600,565
601,565
602,565
603,565
604,565
605,565
606,565
607,565
608,565
609,565
610,565
611,565
612,565
613,565
614,565
615,565
616,565
617,565
618,565
619,565
620,565
621,565
622,565
623,565
457,566
458,566
459,566
460,566
461,566
462,566
463,566
464,566
465,566
466,566
467,566
468,566
469,566
470,566
471,566
472,566
473,566
474,566
475,566
476,566
477,566
478,566
479,566
480,566
481,566
482,566
483,566
484,566
485,566
486,566
487,566
488,566
489,566
490,566
491,566
492,566
493,566
494,566
495,566
496,566
497,566
498,566
499,566
500,566
501,566
502,566
503,566
504,566
505,566
506,566
507,566
508,566
509,566
510,566
511,566
512,566
513,566
514,566
515,566
516,566
517,566
518,566
519,566
520,566
521,566
522,566
523,566
524,566
525,566
526,566
527,566
528,566
529,566
530,566
531,566
532,566
533,566
534,566
535,566
536,566
537,566
538,566
539,566
540,566
541,566
542,566
543,566
544,566
545,566
546,566
547,566
548,566
549,566
550,566
551,566
552,566
553,566
554,566
555,566
556,566
557,566
558,566
559,566
560,566
561,566
562,566
563,566
564,566
565,566
566,566
567,566
568,566
569,566
570,566
571,566
572,566
573,566
574,566
575,566
576,566
577,566
578,566
579,566
580,566
581,566
582,566
583,566
584,566
585,566
586,566
587,566
588,566
589,566
590,566
591,566
592,566
593,566
594,566
595,566
596,566
597,566
598,566
599,566
600,566
601,566
602,566
603,566
604,566
605,566
606,566
607,566
608,566
609,566
610,566
611,566
612,566
613,566
614,566
615,566
616,566
459,567
460,567
461,567
462,567
463,567
464,567
466,567
467,567
468,567
469,567
470,567
471,567
472,567
473,567
474,567
475,567
476,567
477,567
478,567
479,567
480,567
481,567
482,567
483,567
484,567
485,567
486,567
487,567
488,567
489,567
490,567
491,567
492,567
493,567
494,567
495,567
496,567
497,567
498,567
499,567
500,567
501,567
502,567
503,567
504,567
505,567
506,567
507,567
508,567
509,567
510,567
511,567
512,567
513,567
514,567
515,567
516,567
517,567
518,567
519,567
520,567
521,567
522,567
523,567
524,567
525,567
526,567
527,567
528,567
529,567
530,567
531,567
532,567
533,567
534,567
535,567
536,567
537,567
538,567
539,567
540,567
541,567
542,567
543,567
544,567
545,567
546,567
547,567
548,567
549,567
550,567
551,567
552,567
553,567
554,567
555,567
556,567
557,567
558,567
559,567
560,567
561,567
562,567
563,567
564,567
565,567
566,567
567,567
568,567
569,567
570,567
571,567
572,567
573,567
574,567
575,567
576,567
577,567
578,567
579,567
580,567
581,567
582,567
583,567
584,567
585,567
586,567
587,567
588,567
589,567
590,567
591,567
592,567
593,567
594,567
595,567
596,567
597,567
598,567
599,567
600,567
601,567
602,567
603,567
604,567
605,567
606,567
607,567
608,567
609,567
462,568
463,568
464,568
465,568
468,568
469,568
470,568
471,568
472,568
473,568
474,568
475,568
476,568
477,568
478,568
479,568
480,568
481,568
482,568
483,568
484,568
485,568
486,568
487,568
488,568
489,568
490,568
491,568
492,568
493,568
494,568
495,568
496,568
497,568
498,568
499,568
500,568
501,568
502,568
503,568
504,568
505,568
506,568
507,568
508,568
509,568
510,568
511,568
512,568
513,568
514,568
515,568
516,568
517,568
518,568
519,568
520,568
521,568
522,568
523,568
524,568
525,568
526,568
527,568
528,568
529,568
530,568
531,568
532,568
533,568
534,568
535,568
536,568
537,568
538,568
539,568
540,568
541,568
542,568
543,568
544,568
545,568
546,568
547,568
548,568
549,568
550,568
551,568
552,568
553,568
554,568
555,568
556,568
557,568
558,568
559,568
560,568
561,568
562,568
563,568
564,568
565,568
566,568
567,568
568,568
569,568
570,568
571,568
572,568
573,568
574,568
575,568
576,568
577,568
578,568
579,568
580,568
581,568
582,568
583,568
584,568
585,568
586,568
587,568
588,568
589,568
590,568
591,568
592,568
593,568
594,568
595,568
596,568
597,568
598,568
599,568
600,568
601,568
602,568
603,568
604,568
465,569
466,569
472,569
473,569
474,569
475,569
476,569
477,569
478,569
479,569
480,569
481,569
482,569
483,569
484,569
485,569
486,569
487,569
488,569
489,569
490,569
491,569
492,569
493,569
494,569
495,569
496,569
497,569
498,569
499,569
500,569
501,569
502,569
503,569
504,569
505,569
506,569
507,569
508,569
509,569
510,569
511,569
512,569
513,569
514,569
515,569
516,569
517,569
518,569
519,569
520,569
521,569
522,569
523,569
524,569
525,569
526,569
527,569
528,569
529,569
530,569
531,569
532,569
533,569
534,569
535,569
536,569
537,569
538,569
539,569
540,569
541,569
542,569
543,569
544,569
545,569
546,569
547,569
548,569
549,569
550,569
551,569
552,569
553,569
554,569
555,569
556,569
557,569
558,569
559,569
560,569
561,569
562,569
563,569
564,569
565,569
566,569
567,569
568,569
569,569
570,569
571,569
572,569
573,569
574,569
575,569
576,569
577,569
578,569
579,569
580,569
581,569
582,569
583,569
584,569
585,569
586,569
587,569
588,569
589,569
590,569
591,569
592,569
593,569
594,569
595,569
596,569
597,569
598,569
599,569
600,569
601,569
475,570
476,570
477,570
478,570
479,570
480,570
481,570
482,570
483,570
484,570
485,570
486,570
487,570
488,570
489,570
490,570
491,570
492,570
493,570
494,570
495,570
496,570
497,570
498,570
499,570
500,570
501,570
502,570
503,570
504,570
505,570
506,570
507,570
508,570
509,570
510,570
511,570
512,570
513,570
514,570
515,570
516,570
517,570
518,570
519,570
520,570
521,570
522,570
523,570
524,570
525,570
526,570
527,570
528,570
529,570
530,570
531,570
532,570
533,570
534,570
535,570
536,570
537,570
538,570
539,570
540,570
541,570
542,570
543,570
544,570
545,570
546,570
547,570
548,570
549,570
550,570
551,570
552,570
553,570
554,570
555,570
556,570
557,570
558,570
559,570
560,570
561,570
562,570
563,570
564,570
565,570
566,570
567,570
568,570
569,570
570,570
571,570
572,570
573,570
574,570
575,570
576,570
577,570
578,570
579,570
580,570
581,570
582,570
583,570
584,570
585,570
586,570
587,570
588,570
589,570
590,570
591,570
592,570
593,570
594,570
595,570
596,570
597,570
479,571
480,571
481,571
482,571
483,571
484,571
485,571
486,571
487,571
488,571
489,571
490,571
491,571
492,571
493,571
494,571
495,571
496,571
497,571
498,571
499,571
500,571
501,571
502,571
503,571
504,571
505,571
506,571
507,571
508,571
509,571
510,571
511,571
512,571
513,571
514,571
515,571
516,571
517,571
518,571
519,571
520,571
521,571
522,571
523,571
524,571
525,571
526,571
527,571
528,571
529,571
530,571
531,571
532,571
533,571
534,571
535,571
536,571
537,571
538,571
539,571
540,571
541,571
542,571
543,571
544,571
545,571
546,571
547,571
548,571
549,571
550,571
551,571
552,571
553,571
554,571
555,571
556,571
557,571
558,571
559,571
560,571
561,571
562,571
563,571
564,571
565,571
566,571
567,571
568,571
569,571
570,571
571,571
572,571
573,571
574,571
575,571
576,571
577,571
578,571
579,571
580,571
581,571
582,571
583,571
584,571
585,571
586,571
587,571
588,571
589,571
590,571
591,571
592,571
593,571
594,571
482,572
483,572
484,572
485,572
486,572
487,572
488,572
489,572
490,572
491,572
492,572
493,572
494,572
495,572
496,572
497,572
498,572
499,572
500,572
501,572
502,572
503,572
504,572
505,572
506,572
507,572
508,572
509,572
510,572
511,572
512,572
513,572
514,572
515,572
516,572
517,572
518,572
519,572
520,572
521,572
522,572
523,572
524,572
525,572
526,572
527,572
528,572
529,572
530,572
531,572
532,572
533,572
534,572
535,572
536,572
537,572
538,572
539,572
540,572
541,572
542,572
543,572
544,572
545,572
546,572
547,572
548,572
549,572
550,572
551,572
552,572
553,572
554,572
555,572
556,572
557,572
558,572
559,572
560,572
561,572
562,572
563,572
564,572
565,572
566,572
567,572
568,572
569,572
570,572
571,572
572,572
573,572
574,572
575,572
576,572
577,572
578,572
579,572
580,572
581,572
582,572
583,572
584,572
585,572
586,572
587,572
588,572
589,572
590,572
591,572
485,573
486,573
487,573
488,573
489,573
490,573
491,573
492,573
493,573
494,573
495,573
496,573
497,573
498,573
499,573
500,573
501,573
502,573
503,573
504,573
505,573
506,573
507,573
508,573
509,573
510,573
511,573
512,573
513,573
514,573
515,573
516,573
517,573
518,573
519,573
520,573
521,573
522,573
523,573
524,573
525,573
526,573
527,573
528,573
529,573
530,573
531,573
532,573
533,573
534,573
535,573
536,573
537,573
538,573
539,573
540,573
541,573
542,573
543,573
544,573
545,573
546,573
547,573
548,573
549,573
550,573
551,573
552,573
553,573
554,573
555,573
556,573
557,573
558,573
559,573
560,573
561,573
562,573
563,573
564,573
565,573
566,573
567,573
568,573
569,573
570,573
571,573
572,573
573,573
574,573
575,573
576,573
577,573
578,573
579,573
580,573
581,573
582,573
583,573
584,573
585,573
586,573
587,573
588,573
489,574
490,574
491,574
492,574
493,574
494,574
495,574
496,574
497,574
498,574
499,574
500,574
501,574
502,574
503,574
504,574
505,574
506,574
507,574
508,574
509,574
510,574
511,574
512,574
513,574
514,574
515,574
516,574
517,574
518,574
519,574
520,574
521,574
522,574
523,574
524,574
525,574
526,574
527,574
528,574
529,574
530,574
531,574
532,574
533,574
534,574
535,574
536,574
537,574
538,574
539,574
540,574
541,574
542,574
543,574
544,574
545,574
546,574
547,574
548,574
549,574
550,574
551,574
552,574
553,574
554,574
555,574
556,574
557,574
558,574
559,574
560,574
561,574
562,574
563,574
564,574
565,574
566,574
567,574
568,574
569,574
570,574
571,574
572,574
573,574
574,574
575,574
576,574
577,574
578,574
579,574
580,574
581,574
582,574
583,574
584,574
492,575
493,575
494,575
495,575
496,575
497,575
498,575
499,575
500,575
501,575
502,575
503,575
504,575
505,575
506,575
507,575
508,575
509,575
510,575
511,575
512,575
513,575
514,575
515,575
516,575
517,575
518,575
519,575
520,575
521,575
522,575
523,575
524,575
525,575
526,575
527,575
528,575
529,575
530,575
531,575
532,575
533,575
534,575
535,575
536,575
537,575
538,575
539,575
540,575
541,575
542,575
543,575
544,575
545,575
546,575
547,575
548,575
549,575
550,575
551,575
552,575
553,575
554,575
555,575
556,575
557,575
558,575
559,575
560,575
561,575
562,575
563,575
564,575
565,575
566,575
567,575
568,575
569,575
570,575
571,575
572,575
573,575
574,575
575,575
576,575
577,575
578,575
579,575
580,575
581,575
496,576
497,576
498,576
499,576
500,576
501,576
502,576
503,576
504,576
505,576
506,576
507,576
508,576
509,576
510,576
511,576
512,576
513,576
514,576
515,576
516,576
517,576
518,576
519,576
520,576
521,576
522,576
523,576
524,576
525,576
526,576
527,576
528,576
529,576
530,576
531,576
532,576
533,576
534,576
535,576
536,576
537,576
538,576
539,576
540,576
541,576
542,576
543,576
544,576
545,576
546,576
547,576
548,576
549,576
550,576
551,576
552,576
553,576
554,576
555,576
556,576
557,576
558,576
559,576
560,576
561,576
562,576
563,576
564,576
565,576
566,576
567,576
568,576
569,576
570,576
571,576
572,576
573,576
574,576
575,576
576,576
577,576
578,576
499,577
500,577
501,577
502,577
503,577
504,577
505,577
506,577
507,577
508,577
509,577
510,577
511,577
512,577
513,577
514,577
515,577
516,577
517,577
518,577
519,577
520,577
521,577
522,577
523,577
524,577
525,577
526,577
527,577
528,577
529,577
530,577
531,577
532,577
533,577
534,577
535,577
536,577
537,577
538,577
539,577
540,577
541,577
542,577
543,577
544,577
545,577
546,577
547,577
548,577
549,577
550,577
551,577
552,577
553,577
554,577
555,577
556,577
557,577
558,577
559,577
560,577
561,577
562,577
563,577
564,577
565,577
566,577
567,577
568,577
569,577
570,577
571,577
572,577
573,577
574,577
575,577
503,578
504,578
505,578
506,578
507,578
508,578
509,578
510,578
511,578
512,578
513,578
514,578
515,578
516,578
517,578
518,578
519,578
520,578
521,578
522,578
523,578
524,578
525,578
526,578
527,578
528,578
529,578
530,578
531,578
532,578
533,578
534,578
535,578
536,578
537,578
538,578
539,578
540,578
541,578
542,578
543,578
544,578
545,578
546,578
547,578
548,578
549,578
550,578
551,578
552,578
553,578
554,578
555,578
556,578
557,578
558,578
559,578
560,578
561,578
562,578
563,578
564,578
565,578
566,578
567,578
568,578
569,578
570,578
571,578
572,578
506,579
507,579
508,579
509,579
510,579
511,579
512,579
513,579
514,579
515,579
516,579
517,579
518,579
519,579
520,579
521,579
522,579
523,579
524,579
525,579
526,579
527,579
528,579
529,579
530,579
531,579
532,579
533,579
534,579
535,579
536,579
537,579
538,579
539,579
540,579
541,579
542,579
543,579
544,579
545,579
546,579
547,579
548,579
549,579
550,579
551,579
552,579
553,579
554,579
555,579
556,579
557,579
558,579
559,579
560,579
561,579
562,579
563,579
564,579
565,579
566,579
567,579
568,579
509,580
510,580
511,580
512,580
513,580
514,580
515,580
516,580
517,580
518,580
519,580
520,580
521,580
522,580
523,580
524,580
525,580
526,580
527,580
528,580
529,580
530,580
531,580
532,580
533,580
534,580
535,580
536,580
537,580
538,580
539,580
540,580
541,580
542,580
543,580
544,580
545,580
546,580
547,580
548,580
549,580
550,580
551,580
552,580
553,580
554,580
555,580
556,580
557,580
558,580
559,580
560,580
561,580
562,580
563,580
564,580
565,580
513,581
514,581
515,581
516,581
517,581
518,581
519,581
520,581
521,581
522,581
523,581
524,581
525,581
526,581
527,581
528,581
529,581
530,581
531,581
532,581
533,581
534,581
535,581
536,581
537,581
538,581
539,581
540,581
541,581
542,581
543,581
544,581
545,581
546,581
547,581
548,581
549,581
550,581
551,581
552,581
553,581
554,581
555,581
556,581
557,581
558,581
559,581
560,581
561,581
562,581
516,582
517,582
518,582
519,582
520,582
521,582
522,582
523,582
524,582
525,582
526,582
527,582
528,582
529,582
530,582
531,582
532,582
533,582
534,582
535,582
536,582
537,582
538,582
539,582
540,582
541,582
542,582
543,582
544,582
545,582
546,582
547,582
548,582
549,582
550,582
551,582
552,582
553,582
554,582
555,582
556,582
557,582
558,582
559,582
520,583
521,583
522,583
523,583
524,583
525,583
526,583
527,583
528,583
529,583
530,583
531,583
532,583
533,583
534,583
535,583
536,583
537,583
538,583
539,583
540,583
541,583
542,583
543,583
544,583
545,583
546,583
547,583
548,583
549,583
550,583
551,583
552,583
553,583
554,583
555,583
523,584
524,584
525,584
526,584
527,584
528,584
529,584
530,584
531,584
532,584
533,584
534,584
535,584
536,584
537,584
538,584
539,584
540,584
541,584
542,584
543,584
544,584
545,584
546,584
547,584
548,584
549,584
550,584
551,584
552,584
527,585
528,585
529,585
530,585
531,585
532,585
533,585
534,585
535,585
536,585
537,585
538,585
539,585
540,585
541,585
542,585
543,585
544,585
545,585
546,585
547,585
548,585
549,585
530,586
531,586
532,586
533,586
534,586
535,586
536,586
537,586
538,586
539,586
540,586
541,586
542,586
543,586
544,586
545,586
546,586
533,587
534,587
535,587
536,587
537,587
538,587
539,587
540,587
541,587
542,587
537,588
538,588
539,588
